PCA1,y,V_answers
1.178639013945982,0,0
1.5959003563309453,0,0
1.2986044049355763,0,0
0.9689899431203075,0,0
1.6802073730713718,0,0
0.6279974449847417,0,0
1.8579271532223256,0,0
0.954257448113405,0,0
0.3910827638769215,0,0
1.975680230092365,0,0
3.6213245894820285,0,0
1.9187079025897744,0,0
0.5069763044406047,0,0
-0.14955314652178867,0,0
-0.15059237751457732,0,0
0.4108039267566331,0,0
-0.13308536869428728,0,0
1.6110335810626903,0,0
2.072593842159951,0,0
1.2022805460023376,0,0
0.2884752527792315,0,0
0.8292040097458734,0,0
0.5213802038602737,0,0
0.9645842777108277,0,0
-0.12551615160559712,0,0
1.5497069970678912,0,0
2.0144636918418146,0,0
2.4054343045570423,0,0
1.2643028199638948,0,0
0.974144128911101,0,0
1.7229512502466808,0,0
1.032764791673323,0,0
0.7888972290363239,0,0
1.740155346801037,0,0
1.18843561827706,0,0
1.334946031900157,0,0
2.1127356886076654,0,0
1.5617936188048855,0,0
0.14855730066436432,0,0
1.3562850889692317,0,0
0.37832619736709405,0,0
0.7625468328979671,0,0
0.8515197962665069,0,0
1.2856767995572498,0,0
1.3130166112735253,0,0
1.7010264757743627,0,0
1.387127966464799,0,0
1.6592957203109224,0,0
0.8046866761780666,0,0
-0.47136867914167596,0,0
1.9642163572475035,0,0
2.3066113393721235,0,0
1.6930549192497006,0,0
1.0366082079128163,0,0
1.4680904670113601,0,0
-0.3601207549739202,0,0
3.612019559841556,0,0
1.8035045986553175,0,0
1.1881064377427393,0,0
1.1835284803200798,0,0
-0.6340692900532882,0,0
2.097765286661099,0,0
-0.41789288429309934,0,0
-0.6644740403942939,0,0
1.3475457772478467,0,0
1.0000834929829312,0,0
1.160747719636415,0,0
0.7583498386797496,0,0
0.6027030464084216,0,0
-0.2670847632387339,0,0
-0.3412181542669153,0,0
-0.34676520983108833,0,0
-0.37314153827084423,0,0
-0.06480475181214237,0,0
0.8205224688009116,0,0
0.6374708401795526,0,0
0.6886017086072511,0,0
0.49726778400601057,0,0
0.1276805743061307,0,0
-0.4620556937059388,0,0
0.7630690047961971,0,0
0.6987135262086729,0,0
1.1913011849235011,0,0
1.49920283165048,0,0
0.22144852412171115,0,0
0.002101658116488652,0,0
-1.8536691849965263,0,0
-0.3622928795658044,0,0
-1.3619436470587063,0,0
-1.5041999234479808,0,0
1.4714444976174692,0,0
-0.532468352286846,0,0
1.366925145723601,0,0
-0.36739001995912174,0,0
-1.4849496476938766,0,0
-1.0323128437501594,0,0
-1.2657550192804334,0,0
-1.5039168369378728,0,0
-1.120553870201215,0,0
-2.1764375058292718,0,0
-0.2830540415138736,0,0
0.9227246759296714,0,0
1.1079615161124434,0,0
0.3183688320046255,0,0
-1.2274228353845955,0,0
1.78956273403144,0,0
-0.24306576978419675,0,0
0.5235990274091941,0,0
-1.3639951720416024,0,0
1.2247240786748563,0,0
-0.27459107735329696,0,0
-0.4809519596778251,0,0
0.2085635427047086,0,0
1.6251985517455207,0,0
-0.4823841001492485,0,0
1.388419662472111,0,0
1.7470765456357567,0,0
0.8709670374492464,0,0
-0.11655301787930852,0,0
-1.19231203928675,0,0
-1.1420061853878052,0,0
-1.945800886344102,0,1
-3.089287013009401,0,1
-3.0919058120534535,0,1
-1.5327015620439177,0,0
0.560116838596769,0,0
0.33144842588297524,0,0
-2.6710748915180584,0,0
-1.1528617984056833,0,0
-1.265218584506805,0,0
-3.979491852730569,0,1
-0.6482429558825787,0,0
0.5554975370980283,0,0
-0.4239502318917586,0,0
-1.3375790867694375,0,0
0.6142538164846657,0,0
0.8329335716443353,0,0
0.3081497654360818,0,0
-0.29910661947764333,0,0
0.425778836666303,0,0
-0.2709841401630328,0,0
-0.27990915530876215,0,0
1.5405176012603925,0,0
-1.592734381081892,0,0
-1.7241476037350785,0,0
-1.144942398629367,0,0
-0.8441923000337889,0,0
-0.45209401037930835,0,0
-1.9718749092978383,0,0
-0.7809278392374289,0,0
-2.5738708014612404,0,0
2.7983673720749103,0,0
0.5441164914896257,0,0
-0.11676724130372174,0,0
-0.06356331875934176,0,0
-2.2377349998631195,0,0
-1.7073314061959228,0,0
-2.515454560288624,0,0
2.905155618722636,0,0
-1.2567615127595901,0,0
-2.1212071843127123,0,0
-0.8762471841691554,0,0
0.2009878505706202,0,0
0.16566512424502597,0,0
-0.8670772501842269,0,0
0.013695989000611806,0,0
-1.732965431982508,0,0
-3.298554659635118,0,0
-0.7987428467971801,0,0
-2.962015310893831,0,1
-0.5143388008325612,0,0
1.5444148498649815,0,0
1.2783048461077569,0,0
-0.2744067779960015,0,0
-0.9877528050620267,0,0
-0.5091313067588235,0,0
-1.8355178348546095,0,0
-2.5022939778580997,0,1
-3.8415898263480015,0,1
-2.3157711328244264,0,1
-2.167975950327945,0,1
-0.014017373160038284,0,0
-1.1122875062428983,0,1
-0.3806264821867677,0,0
-0.7684134686395293,0,0
-2.594859506096265,0,1
-1.3551593206478731,0,0
-2.951929880684576,0,1
-2.1971424135961897,0,0
2.5277730415799424,0,0
-0.1404427291048591,0,0
-2.3136187357198135,0,0
-0.7749334133251238,0,0
-0.2701949403315387,0,0
-0.013845493098895897,0,0
0.6503465393394485,0,0
-1.1147989052590228,0,0
-0.9879377813484658,0,0
-0.7984170577084357,0,0
-2.3518895535608797,0,1
-3.482620452503393,0,1
-3.2365867115658578,0,1
-3.9352213794797652,0,1
-3.9917477490494453,0,1
-4.149261220844492,0,1
-1.2885430860924147,0,1
-2.5638480676127458,0,0
0.18281965895544225,0,0
-0.4813619887147634,0,0
-1.7359282072268516,0,0
-1.7805654048711843,0,0
0.5762865407830357,0,0
-0.5914279202080107,0,0
0.2670838926397823,0,0
-0.27662016181116256,0,0
-0.7838006672374231,0,0
0.22715345571531334,0,0
-0.0634619669550758,0,0
-0.30912712850843754,0,0
-0.684391658085661,0,0
0.6273728251959494,0,0
-0.16152482804295204,0,0
-1.3179310228738281,0,0
-0.21071914350647175,0,0
-1.8921025786680181,0,0
-0.08526557708996205,0,0
-1.4995519669507473,0,0
-2.404490142426074,0,0
-1.9307825280048467,0,0
-2.009422581682,0,0
-2.131083342077014,0,0
-2.579990899131249,0,0
-2.255571857716178,0,0
-0.8083470832333914,0,0
-1.3935696069745889,0,1
-3.4781526992347485,0,1
-3.9979689929285986,0,1
-0.1608996822939493,0,0
-1.0904849250603834,0,0
-1.3983326766604403,0,0
-1.1006710638810697,0,0
-1.4049348270428346,0,1
-1.217663704058797,0,0
-1.0051237603930616,0,0
-1.0515370766102472,0,0
-1.5334704888192097,0,1
-2.337463992347254,0,0
0.2685851069896799,0,0
-0.06786539724481438,0,0
-0.914989915953956,0,0
-0.03143815973059387,0,0
-0.7596259299945697,0,0
0.6445305324952078,0,0
-1.4343127573081902,0,0
0.031061584789403608,0,0
-0.017380553551410202,0,0
0.31600471217675175,0,0
-0.2568913113901306,0,0
-1.6365864742068548,0,0
0.0892083787139627,0,0
1.4355338085355096,0,0
-1.3794788668637084,0,0
-0.1740869420860702,0,0
-0.2935772966535469,0,0
-0.007349676981339504,0,0
-0.3214057192400085,0,0
0.05713527040782794,0,0
-1.7936198536842838,0,0
-0.09720110163341061,0,0
1.3062872455713816,0,0
0.47003708896666513,0,0
1.3780287735952708,0,0
-0.0940301564559239,0,0
-0.07920962502991527,0,0
1.162868162192295,0,0
0.7821143777137471,0,0
0.8632623891722481,0,0
1.6031413226209048,0,0
-1.248355723410215,0,0
0.6506824173016557,0,0
-0.381009026170927,0,0
0.6917385832812284,0,0
0.8245679000364746,0,0
1.6513132181498977,0,0
1.609184620784903,0,0
0.14263599488607326,0,0
2.1614059213855223,0,0
-0.4940967273502264,0,0
1.1814675827746672,0,0
-0.6210293262073073,0,0
3.142318144779547,0,0
-0.5748998562218237,0,0
0.8808759397997906,0,0
-0.9507536625808696,0,0
0.3819359695564807,0,0
3.2137306722030683,0,0
0.24303841171724982,0,0
2.1266562027133595,0,0
-0.4303871817928578,0,0
4.100274622902557,0,0
-0.17380609177487547,0,0
1.9354156038708923,0,0
4.06019494589666,0,0
1.7923265418863108,0,0
0.8094712319789414,0,0
1.2598824202119017,0,0
1.6026894117049126,0,0
0.07022751856602746,0,0
1.379621241677677,0,0
3.6119655680162492,0,0
1.9287260065766592,0,0
1.1684214329375258,0,0
0.24092253660514598,0,0
0.22288231072720505,0,0
2.1806588264638487,0,0
1.241036942641894,0,0
1.5060352450122283,0,0
1.6560327547686178,0,0
0.8011118331032793,0,0
2.239137626139275,0,0
0.4464545321450193,0,0
1.3143028093006581,0,0
1.748601396888355,0,0
0.8797515280189447,0,0
0.584452854391981,0,0
2.819014756045955,0,0
1.127475063723658,0,0
1.3017944279923856,0,0
2.554100738843635,0,0
3.5806118715121587,0,0
1.148291993533538,0,0
1.9370471148897612,0,0
3.1731476734131494,0,0
1.783510227010159,0,0
4.814848103823526,0,0
2.1681433048064642,0,0
1.3441963389404492,0,0
3.045941358405954,0,0
2.4576047058984716,0,0
1.0897774644904894,0,0
1.157688902386795,0,0
1.623531950479919,0,0
1.687373841970412,0,0
2.3083947978045547,0,0
2.3093507573974312,0,0
1.5305752617234563,0,0
2.899675054488358,0,0
1.0074879827322447,0,0
0.975568203306765,0,0
1.8946218665762844,0,0
0.885495323507687,0,0
3.0823407526469038,0,0
2.0156286830054766,0,0
1.6270934658149465,0,0
0.7031826458469704,0,0
0.9440994604881954,0,0
0.41393442178765616,0,0
1.322783911239733,0,0
1.8943046615048142,0,0
1.3288079066974585,0,0
1.7590509459319459,0,0
2.327837614962573,0,0
2.544751207987182,0,0
1.0033628259918093,0,0
4.148411810215337,0,0
4.782383836944623,0,0
2.7763107953413626,0,0
1.220184280554459,0,0
2.654947587282789,0,0
1.4074198009967247,0,0
1.6161672879968245,0,0
1.536257811451058,0,0
0.32171696548314355,0,0
1.472211419343665,0,0
1.5965109622165115,0,0
1.2663997434598417,0,0
0.771462934729003,0,0
1.148664839972166,0,0
1.0225972430265806,0,0
-0.4293995308651832,0,0
1.0857443406650233,0,0
1.418916514878262,0,0
1.0117410137449285,0,0
0.22584847580045264,0,0
1.3430578957422985,0,0
2.8313887598088185,0,0
2.4203124759628163,0,0
2.9262461735389014,0,0
2.491666195998967,0,0
1.2306078568547911,0,0
2.5097838111462245,0,0
1.1067970230869932,0,0
2.2553634181534417,0,0
0.2557188221495517,0,0
2.1597654972744103,0,0
0.7606074481000011,0,0
1.5037729290058832,0,0
0.08642698287068688,0,0
1.9363218519026184,0,0
3.3837948630527164,0,0
1.8657276068055397,0,0
1.978911772627074,0,0
2.4596241254679447,0,0
1.2417584397880326,0,0
-0.06267988519318556,0,0
3.3940728458127016,0,0
1.6526580303492109,0,0
2.26757568250222,0,0
-0.7509993395367964,0,0
-0.14000437866929985,0,0
0.4634076055749393,0,0
-0.31785519549020513,0,0
-0.11361125477408407,0,0
0.36394033007927834,0,0
0.41490254089252343,0,0
0.8424973398789984,0,0
1.0299639238378073,0,0
1.209486692455955,0,0
0.5235601907201478,0,0
0.6187428411032316,0,0
-0.5404400994051931,0,0
1.9334148843118704,0,0
1.7355731694669296,0,0
-0.1356555228548686,0,0
-0.44986329484621146,0,0
-0.616474774109284,0,0
-0.6606511861319286,0,0
-0.26032898210435157,0,0
1.5102090151815828,0,0
-0.32891600925667164,0,0
4.13902357386455,0,0
1.2474328122966776,0,0
1.0345491880049829,0,0
1.8469572665656806,0,0
1.0202071436939422,0,0
0.8905408877329785,0,0
1.218846966451203,0,0
-0.17314651474328896,0,0
0.8278695337230444,0,0
2.34171092571108,0,0
1.5167738835994287,0,0
1.3480951811528623,0,0
-0.34513515388752486,0,0
1.0547408364881934,0,0
1.332063028040889,0,0
1.225953091722836,0,0
1.2093180588446972,0,0
0.733261371133036,0,0
-0.06688519949914587,0,0
0.3520034284855392,0,0
1.9883282063499903,0,0
-0.09663918688250205,0,0
0.3832959662838901,0,0
-0.481920734389147,0,0
1.836007326799258,0,0
-0.42630860595786263,0,0
1.331566605958628,0,0
0.07518327229034721,0,0
0.401374916097858,0,0
0.37459546198440974,0,0
1.1403677220071662,0,0
1.0539718423137256,0,0
0.11162600531764276,0,0
2.4554058295360632,0,0
-0.2339157654953036,0,0
-1.1365642306581207,0,0
1.1349713826229182,0,0
1.3086119165348016,0,0
0.2593633029508393,0,0
-0.40686274101805625,0,0
-0.07978033643583564,0,0
-0.17075638094250659,0,0
0.5266557335063389,0,0
-0.19346860743267552,0,0
-0.9687162178707176,0,0
-1.020457222023939,0,0
2.9751858785660734,0,0
-1.2817241452068555,0,0
1.0747814679175849,0,0
1.6455455706587476,0,0
-0.15718550759754835,0,0
-1.7255924783144077,0,0
1.0632901381506734,0,0
0.2546287892955851,0,0
-0.8704182538183499,0,0
-1.2838240251017183,0,0
-2.1717165895363566,0,0
-0.746417007351852,0,0
-1.522028937434336,0,0
-0.25698488465928654,0,0
-1.2632786579992625,0,0
-2.332722554211383,0,0
-1.72439670442767,0,0
-2.126138222600447,0,0
-0.28848206682920013,0,0
-1.3446196297715787,0,0
-1.2566508584458251,0,1
-3.6024562486711793,0,1
-1.8151083820121023,0,0
-1.7396887831139876,0,0
-1.7976726837952617,0,0
0.3626037521116117,0,0
-1.7529857314374007,0,0
-1.244971996058479,0,0
-1.4090350189524388,0,0
-1.8390293248856562,0,0
-3.654078181325399,0,1
-4.4128416955252465,0,1
-3.7828990532605364,0,1
-2.637618548933851,0,0
0.5707905566458559,0,0
0.6758005698662706,0,0
0.7632758035403988,0,0
-2.1084678122354266,0,0
-0.5075664437845342,0,0
-1.826552386429735,0,0
-1.2790537809602183,0,0
-0.9459997646090245,0,0
-1.6812925221187822,0,0
-3.181706260884568,0,0
-1.5690310469953077,0,0
-1.6664250502811189,0,0
-0.5020500453872192,0,0
-2.0537770088511116,0,0
-2.5776152051221515,0,0
-1.2612469189076887,0,0
-1.3835264621470795,0,0
-0.7327215361529558,0,0
0.18333252911298314,0,0
-0.5000112861972487,0,0
0.1612765173365109,0,0
-0.6218486128332636,0,0
-0.23327462293424991,0,0
-2.310949454985176,0,0
0.9281905930394443,0,0
0.3658152027974931,0,0
-1.8822180694866217,0,0
-2.6302389418807786,0,0
-0.5611781771617799,0,0
-0.7809937567811344,0,0
-2.3462416641159036,0,0
-2.575413649078823,0,1
-1.615512257009399,0,0
-1.2344147094527778,0,0
1.2763460136850673,0,0
-1.609562789423693,0,0
-1.7081036268344634,0,1
-2.1288448556968684,0,1
-1.152519025186205,0,0
-0.38232826417022137,0,0
-0.965301029562418,0,0
-3.159318282457316,0,1
-2.782191771346205,0,1
-1.3805491703976596,0,0
-1.829962474296471,0,0
-0.5825742012168647,0,0
-1.316800405959914,0,0
-1.4573636752382528,0,0
-0.5645647258108675,0,0
-0.9300701636687192,0,0
-1.4789610353373208,0,0
-2.0130187352475595,0,0
0.8986473479031029,0,0
0.4740672929357577,0,0
-2.5698992170264385,0,0
-1.4318479417501748,0,0
-0.21614988221075473,0,0
-0.5999151389650415,0,0
-0.7456409116328382,0,0
-0.3012297782425072,0,0
-2.091819337157225,0,0
-1.469120310249474,0,0
-1.8566959683184465,0,1
-3.081979628677437,0,1
-3.0632732717228977,0,1
-1.4182450602648853,0,0
-1.057345944904801,0,0
-3.3655149024198043,0,1
-1.32017147241581,0,0
-1.4592395773589402,0,0
-2.1492358344480413,0,0
-1.606849219947287,0,0
-0.5444774364514933,0,0
-0.47622514290383755,0,0
-1.9661906818480552,0,0
-1.6836390033193482,0,0
-3.1218653037484727,0,0
0.6654183814275894,0,0
0.5486605342956767,0,0
0.5052495864385977,0,0
0.8625286428479342,0,0
0.7505024171997152,0,0
-1.1664050040385678,0,0
-2.1577101558986738,0,1
0.7262447547941706,0,0
0.2480941602666133,0,0
-1.1478653117097377,0,0
1.6860761757920408,0,0
-1.7891170241327565,0,0
-2.0925418180166506,0,0
-2.0795854971804055,0,1
-1.864664049035744,0,0
-2.4670544575655367,0,1
-3.075172652851092,0,1
-2.8797408858046394,0,1
-2.904964751908197,0,1
0.10143233781775664,0,0
-1.429495717694413,0,0
-0.9493769759116539,0,0
0.1370922761971057,0,0
-0.267946876338722,0,0
-0.5049229204465336,0,0
-0.5274954875736787,0,0
0.012081456889625428,0,0
-1.7479356769667762,0,0
-0.7092774478453544,0,0
-0.8514392056374231,0,0
-2.2430941942805975,0,0
-2.2494125182045455,0,0
-0.7220760288923033,0,0
-0.19587475426232673,0,0
-0.2461719830893242,0,0
-0.5759655148777961,0,0
-1.2079838411468753,0,0
-1.740916556240691,0,0
-1.8984863229250426,0,0
-2.2758076705462846,0,0
-1.946679053023822,0,0
-1.8922639371918515,0,0
-0.6597015335985409,0,0
0.08116082798221393,0,0
0.019337035118057583,0,0
-0.7770805471704725,0,0
0.7046400342543198,0,0
0.17300029807017556,0,0
0.09790404612733437,0,0
0.4974906161452553,0,0
-0.019986392063598677,0,0
0.9568220580054507,0,0
-0.8101373608211546,0,0
-0.6534966282487327,0,0
-0.3708710176621894,0,0
1.3509054904525999,0,0
0.49780974808910017,0,0
1.320496107505806,0,0
-0.1502704151792316,0,0
-0.3810207843884052,0,0
0.012752155142613821,0,0
-0.688322942973875,0,0
0.15457090674060853,0,0
-0.5453082366615309,0,0
-0.17159746957743757,0,0
2.3209912976116964,0,0
0.4898524263922826,0,0
1.0467786514824944,0,0
1.8946448687457924,0,0
0.08656660484230108,0,0
0.3621393266999054,0,0
-1.5188720577027415,0,0
-1.426674524384836,0,0
0.4632719016769913,0,0
2.2075686173854994,0,0
0.5484454806645231,0,0
0.007684080251841915,0,0
-0.6452517472696618,0,0
-0.14552872411858433,0,0
-1.3138815580924248,0,0
0.596581718272686,0,0
1.4388898095110745,0,0
-1.045680187633611,0,0
0.25588633952181467,0,0
-0.13821748445321405,0,0
-0.06418043758630389,0,0
-0.08797285964156817,0,0
0.7299653584959177,0,0
0.8460409285482007,0,0
0.9009928365555205,0,0
-0.07464156319943661,0,0
0.384421517008448,0,0
0.5970430163272592,0,0
0.4849771737669198,0,0
0.7240351040770879,0,0
-0.9629867454648631,0,0
1.4765254814404858,0,0
0.8145897689409323,0,0
0.9030756549811926,0,0
0.7613296601454838,0,0
0.5159561982216796,0,0
0.7526144626567723,0,0
1.263479789985828,0,0
0.6763528027891976,0,0
0.3779353560318268,0,0
0.5138209383035535,0,0
1.5104537865208427,0,0
0.3246022195858452,0,0
0.8545063453214422,0,0
0.7506685952785361,0,0
2.206703566517948,0,0
2.2121735965772995,0,0
1.72382890024018,0,0
0.7927940079654229,0,0
2.2352302428290582,0,0
2.485183078142574,0,0
2.129301985837733,0,0
0.45697801593009507,0,0
1.0337212761768355,0,0
0.49179103895817083,0,0
-1.0760024093461649,0,0
-1.3369871841657497,0,0
-1.3142956021912409,0,0
-1.4526416537911089,0,0
-2.3219837558629615,0,0
-0.04488722142521475,0,0
0.13728086150701316,0,0
-0.8649136676856493,0,0
0.6111072014987521,0,0
0.8704640669088703,0,0
0.6594652381904788,0,0
0.23977283400206117,0,0
0.5445352963787978,0,0
1.855930826254367,0,0
0.6743740625629312,0,0
1.9679207043982172,0,0
1.2372555029428918,0,0
0.6524589464338845,0,0
1.3600893061067567,0,0
1.2706082338133646,0,0
1.740587071417972,0,0
0.989767584436128,0,0
0.7066927409237176,0,0
-0.0843583125565464,0,0
-0.08583872601375804,0,0
1.123590100396906,0,0
1.725668344308589,0,0
3.3348525189194027,0,0
-0.16364978595341068,0,0
1.088648223002981,0,0
0.5004678584041471,0,0
1.3237685469654032,0,0
1.4156470913604198,0,0
0.9905295753144883,0,0
0.7929875616985409,0,0
1.3291043804801852,0,0
0.20230510710582394,0,0
0.40648222814988605,0,0
0.20077082550697997,0,0
2.5868620583911364,0,0
1.3187505423901253,0,0
1.6085731333415187,0,0
1.0779984892964916,0,0
1.6867891946163758,0,0
1.5868706801179158,0,0
4.083503589854489,0,0
2.8953592928637066,0,0
2.334104656526293,0,0
1.6739463580789196,0,0
1.2587374999553937,0,0
0.9644660374781198,0,0
0.6855278888720684,0,0
0.961194201974276,0,0
2.7322721534085406,0,0
3.212523537990419,0,0
1.9096713883250305,0,0
2.8882144394759153,0,0
3.0892296889529356,0,0
2.218558786253374,0,0
1.901052623772587,0,0
0.9697242432368672,0,0
1.9192848832058829,0,0
1.6349760518691752,0,0
0.7878578599740732,0,0
2.171356715219601,0,0
0.8234871933214508,0,0
0.1798357198823448,0,0
-0.6777740995655986,0,0
0.25239877188554444,0,0
1.4364237407188367,0,0
0.9661422017454276,0,0
0.7858735560232585,0,0
-0.19789487229642871,0,0
1.7460489856354608,0,0
0.07739954370443926,0,0
1.6288670319464815,0,0
0.8135962025247602,0,0
0.7875832074522565,0,0
2.132370149781662,0,0
2.6637197610824193,0,0
1.0353600115626238,0,0
1.825401646307872,0,0
1.0992571114182648,0,0
0.6107744161143008,0,0
0.7778264636768346,0,0
1.2733512579032118,0,0
1.1670029557934687,0,0
0.8947651906752437,0,0
1.2689389659869188,0,0
0.9939671728626771,0,0
0.9870198653312618,0,0
0.7954787563885252,0,0
0.8992622415175334,0,0
-0.7670911545354968,0,0
0.5677568366865806,0,0
-0.46518616296097093,0,0
1.0054848191511743,0,0
1.3959831086250387,0,0
0.5282975784500429,0,0
1.6111695492965452,0,0
0.12910454540542102,0,0
0.9715222166727001,0,0
0.70601435087209,0,0
-0.12987006501221826,0,0
-0.3600555996213654,0,0
-2.1656766745075986,0,0
-0.34026493947915337,0,0
-1.0335325363091534,0,0
-1.0064105836561337,0,0
-1.1585255818159708,0,0
-1.3894608779980566,0,0
-0.7840326340238678,0,0
2.553051446599234,0,0
1.6109295283276275,0,0
-0.4358612375111808,0,0
1.8328958991818465,0,0
-1.287642992776086,0,0
-0.9069871212238926,0,0
-0.3111571040853952,0,0
-2.410713487076898,0,0
-3.0487821096942778,0,0
-2.1403098869475827,0,0
-1.483974609064734,0,0
0.1019696979994403,0,0
0.9321420981346981,0,0
-1.4103499154638197,0,0
-0.2210842534507923,0,0
-1.432716657664191,0,0
0.4053589981047058,0,0
0.7331609057963048,0,0
-0.8277942710626959,0,0
-1.2548322700532657,0,0
2.180351836842814,0,0
1.1437260380222842,0,0
0.9096244061314938,0,0
0.38151929194266954,0,0
-0.16170219583276768,0,0
-0.6597962779721109,0,0
1.3735561939750691,0,0
-1.2906443122465385,0,0
2.1076963689845765,0,0
0.22108111866655866,0,0
1.683659697298304,0,0
-0.1285682105753314,0,0
-0.8193354555789716,0,0
-1.255166270435168,0,0
-0.3048982675729758,0,0
-0.7113044834060497,0,0
-0.4080690689804931,0,0
-2.8666387770808393,0,0
-0.8493098166572675,0,0
0.06129053046375424,0,0
-1.4311800860920938,0,0
-0.6717333151677607,0,0
-1.8945624731634696,0,0
2.079382331001497,0,0
0.5633125117689703,0,0
-0.42891298508212183,0,0
0.7473818687528807,0,0
-0.043082116619087854,0,0
-1.5314070173248133,0,0
0.6623091050669319,0,0
0.3470372089339777,0,0
-0.12162848870882398,0,0
1.9131150303770978,0,0
-0.0064373144651927805,0,0
1.1000624832684538,0,0
0.7692945015717568,0,0
1.514882160159487,0,0
1.7437860973792814,0,0
1.4061582022434393,0,0
0.8957449453700522,0,0
-0.043197075964152974,0,0
-2.044977795462723,0,0
-0.9607944777389102,0,0
-1.4164617310405316,0,0
-0.7343690344219563,0,0
-1.10884230500986,0,0
0.3844708424211794,0,0
-1.7911811538768427,0,0
-2.6657568449274627,0,0
2.1069349802975177,0,0
0.34590875424586176,0,0
1.1115505250898954,0,0
-1.7345157205730206,0,0
-1.9362749269943298,0,0
-0.25475764142032753,0,0
2.2914985741670137,0,0
0.30134982372814745,0,0
0.26515028773259175,0,0
2.2058107383607712,0,0
-1.5022318030239354,0,0
-1.5661230436535498,0,0
-1.1487342043619666,0,0
2.279117157261776,0,0
0.45815333973209105,0,0
-1.804905255723123,0,0
-1.8380225881453531,0,0
-0.18680838348448844,0,0
-0.8293089910236241,0,0
-0.04455634394806462,0,0
-1.4956068486415868,0,0
-0.7264393007426118,0,0
-0.0785949276397584,0,0
1.155573938628353,0,0
-0.407640710754638,0,0
1.7517412192101993,0,0
-1.4128327124299647,0,0
1.7449821328835746,0,0
-2.0531964548290875,0,0
0.23535581526145566,0,0
1.5851783293132748,0,0
-0.1981473924766169,0,0
-1.067190939361508,0,0
-2.1331339349037326,0,0
-2.188003969819103,0,0
0.0967779467603205,0,0
-1.51858538564322,0,0
-2.1102504658485817,0,0
-0.11072785178443618,0,0
-1.8914886857295548,0,0
-2.8656600655308435,0,0
-0.8295389732356426,0,0
-1.7282715533478334,0,0
-3.2536252199594156,0,0
-1.364982191614582,0,0
0.18255256663645514,0,0
-0.7212070075015321,0,0
-0.03816440806661032,0,0
0.04318275824981368,0,0
0.6817584697352937,0,0
1.9678182656487377,0,0
-0.34787015265685783,0,0
-0.18450697516506664,0,0
-1.8223713710356697,0,0
0.040146890014503334,0,0
0.08712658474249073,0,0
-0.586475853601333,0,0
-0.8995927863293515,0,1
-1.7363861690085325,0,1
-0.4463471032817597,0,0
-0.1237939914597283,0,0
0.06514173979809913,0,0
-0.21161359662545887,0,0
-2.3691242768487184,0,0
0.2431994310374829,0,0
-0.08114862430588805,0,0
0.698898874280193,0,0
0.4773485235233665,0,0
0.43839508344493633,0,0
-1.7419967040079363,0,0
-0.7344426449634368,0,0
-1.2770139059980727,0,0
-2.0988576690975362,0,0
-2.056799772043347,0,0
-2.155023138040558,0,1
-2.7503099595752807,0,1
-2.973856392192999,0,1
-1.278931339127792,0,0
-0.8157097326225622,0,0
-2.707455220407046,0,1
-2.769516902696045,0,0
-0.20908266524873434,0,0
0.3056949973896337,0,0
-0.43165637121325323,0,0
-0.2805496941420413,0,0
-2.3947289736629602,0,0
-2.5259675954652696,0,0
-1.970665972073329,0,1
-1.9616526637413207,0,1
-1.6001186120293862,0,0
-0.08041775131827775,0,0
-0.6089735518844955,0,0
-1.5767132939706847,0,0
0.022147992332933145,0,0
-1.8502296565190162,0,0
2.688408985198572,0,0
2.304939000436548,0,0
-2.9427325557676567,0,1
-2.7098841648846084,0,1
-3.4302630035031263,0,1
0.2592846061753819,0,0
-1.6044351517870619,0,0
-0.5513985269598469,0,0
-1.8497857130237643,0,1
-2.141924377349647,0,1
-1.578930739646448,0,1
-1.7409338561993348,0,1
-2.4607940279111573,0,1
-1.658921554368274,0,1
-2.504937979826772,0,1
-1.9659127803881018,0,0
-1.5213271442441658,0,0
-1.2091290440717204,0,1
-0.22997673101226573,0,0
2.0716703084529624,0,0
0.645384101772923,0,0
0.29612604977571644,0,0
-1.1460326022146115,0,0
-2.4799255724715907,0,0
-1.5186156614250486,0,1
-1.4769012211028179,0,1
-1.4825794354899897,0,0
2.083639242105376,0,0
1.6071506833237823,0,0
1.8158819481532333,0,0
-0.43742119163311816,0,0
0.8203639446109185,0,0
-0.29451226963048105,0,0
-0.7839830225328195,0,0
-0.4531961684044686,0,0
0.7005488381963287,0,0
-0.13723720363151476,0,0
0.37504926773988934,0,0
-0.7153204414212115,0,0
1.7777231572800167,0,0
3.3145747055242403,0,0
2.4034131520275617,0,0
0.5649927883412653,0,0
-0.6260270403298223,0,0
3.626495912839283,0,0
0.27656312960976365,0,0
1.8517841047615065,0,0
-0.6665734060060801,0,0
2.4726751899210484,0,0
0.805537075315945,0,0
0.4154518195913197,0,0
0.9907100212610485,0,0
1.2217142109290067,0,0
1.2552557640764472,0,0
0.3421335230687327,0,0
0.9799661630760972,0,0
1.1015553410805137,0,0
-0.06043415020705001,0,0
0.6620059333616367,0,0
1.2764991739624734,0,0
1.870130179444695,0,0
0.21460379667318227,0,0
1.3298156087391095,0,0
1.4909298501618136,0,0
1.1897219242128223,0,0
1.8031838255581025,0,0
1.0354945364578076,0,0
-0.16518980378951553,0,0
2.1297711496426976,0,0
2.470033290259289,0,0
1.1171633649421784,0,0
4.992748799773533,0,0
2.082119047701248,0,0
2.2691474694518603,0,0
2.047632701989949,0,0
1.9345690415715018,0,0
1.7908310058669514,0,0
3.968117054789942,0,0
1.246025308117001,0,0
1.3431936233672144,0,0
1.1055131765614659,0,0
1.9561820416146156,0,0
0.9886294763274888,0,0
0.9226070311699018,0,0
1.7373497892027194,0,0
0.2270065715280614,0,0
1.2622297652443715,0,0
0.5960392689216143,0,0
0.8048494838824841,0,0
1.0703484587045784,0,0
1.2744229399656395,0,0
0.5416816300745959,0,0
1.7243103919727032,0,0
1.4408864922362967,0,0
0.1274254954502191,0,0
1.0663659320638472,0,0
0.900560008586524,0,0
0.0714858157461265,0,0
-0.29476262967885425,0,0
0.33268168575938944,0,0
1.017054307920246,0,0
2.1109213626696586,0,0
1.8698823917590697,0,0
3.7955023349639987,0,0
2.4149497926737062,0,0
1.3379121978245054,0,0
1.257459089301277,0,0
1.0824671119772695,0,0
0.9587933224222384,0,0
3.379446344502365,0,0
2.3232714692244025,0,0
0.9522027822589009,0,0
3.5059359228950164,0,0
1.3952933511466812,0,0
2.1641404137772673,0,0
0.6263008016884383,0,0
0.07440170256950494,0,0
1.3611022386828524,0,0
1.5288835739423206,0,0
1.3746496460943791,0,0
0.31719415001117957,0,0
0.05468123482377923,0,0
0.011671181644072286,0,0
0.2341540940254005,0,0
1.5217046702759445,0,0
0.8464759991345558,0,0
1.4579160871004644,0,0
0.2612147613464677,0,0
2.214561910633184,0,0
1.1179409931290332,0,0
2.127280728624645,0,0
2.6539351478774216,0,0
1.8658879955240546,0,0
2.2019566810515196,0,0
0.20477111237637477,0,0
1.361637744396584,0,0
1.4247644832170152,0,0
0.5478812843805324,0,0
1.1907950424984635,0,0
0.6413347110878411,0,0
0.8604461859948968,0,0
0.43081818332724425,0,0
0.024482200105039844,0,0
1.7494655090883247,0,0
0.8667765661658938,0,0
1.4088420664812256,0,0
1.4655683325184252,0,0
0.738189668806951,0,0
2.0051416486915064,0,0
1.3553136350198238,0,0
1.361352453859221,0,0
1.5825171609588746,0,0
2.068115079262034,0,0
0.43858614622829806,0,0
-0.22877367995528156,0,0
-0.4743581038670231,0,0
1.0859102313696638,0,0
0.7446792125034231,0,0
0.0760490586263456,0,0
1.3077693769199532,0,0
0.516544326467121,0,0
5.35982737108506,0,0
1.0604127486243362,0,0
-0.08236094076609289,0,0
0.5407082238258407,0,0
0.8460250692796597,0,0
0.15353016297378597,0,0
1.591368644958646,0,0
1.572355394332582,0,0
-0.03374772448497138,0,0
1.570242930965723,0,0
0.6847138974189473,0,0
0.8146478800691709,0,0
-0.2545632470936351,0,0
1.849784847676755,0,0
1.210217665586391,0,0
-0.1970704445657657,0,0
0.9526812707351128,0,0
2.235918137335436,0,0
1.9143831485807246,0,0
1.0132751351112905,0,0
0.8114636224274626,0,0
-0.5228096549169555,0,0
-1.940326493634165,0,0
0.4221856985882062,0,0
-0.3822679268432927,0,0
-0.2155721787207195,0,0
-1.4994260404505573,0,0
-1.8083149842344595,0,0
-3.11262262306538,0,0
-1.1385638799457154,0,0
-0.9903065610460011,0,0
-0.7082654886544008,0,0
-0.0022428523749913327,0,0
-1.0915189707355304,0,0
0.6878820535437834,0,0
-0.9707968353867699,0,0
-1.672311637091432,0,1
-0.2615967699192284,0,0
0.8810480670582604,0,0
-1.7403708958742905,0,0
-1.078266171739785,0,0
0.33419126704604635,0,0
-0.24239993133895288,0,0
-0.7844873526906172,0,0
-1.473170676622575,0,0
-1.207603910544115,0,0
-1.7981163455001463,0,0
-3.117050697763174,0,0
2.3862006217016583,0,0
0.45236784798986496,0,0
-0.517524889335578,0,0
-0.4490773369147036,0,0
-0.5481331191172361,0,0
-0.7097404487429421,0,0
5.883935446746916,0,0
0.8641943541909961,0,0
-0.6193108532421021,0,0
-2.553369996229567,0,0
-3.0031291565771614,0,1
-4.851242152808537,0,1
-3.621645788471825,0,1
-1.4124760293352365,0,0
-0.5108788057968743,0,0
-1.7197799049507188,0,0
-1.1867271333907634,0,0
0.050712856986412286,0,0
0.06374648041080633,0,0
-0.7775929130067277,0,0
0.43440326712783367,0,0
0.02448939429982281,0,0
-1.1694949654913558,0,0
-0.6750546851115607,0,0
-1.1895908553227388,0,0
-1.324832279808452,0,0
1.4410506754663768,0,0
2.0371371671558394,0,0
-1.8252564997255956,0,0
0.32695525086706934,0,0
0.6702869388761965,0,0
-1.9563628742743138,0,0
-1.3109063528458968,0,0
-1.1548075529381798,0,0
-0.5674604150849959,0,0
-2.020176477025295,0,0
-2.58957881996825,0,0
-1.19391408186566,0,0
0.9948724725507613,0,0
1.2423899369338651,0,0
0.09198700296304359,0,0
-0.3629850168145532,0,0
-1.4715470862132798,0,0
-0.6499693332726744,0,0
1.1180301283066867,0,0
0.1855163514961131,0,0
-0.7615146536066287,0,0
-0.9063618648933525,0,0
-0.6034482005767109,0,0
1.774001890320417,0,0
0.04872210809733604,0,0
-0.08953633396245045,0,0
-2.3940499486930604,0,1
-2.341591412807485,0,0
2.5986124588693817,0,0
-0.16807148205473807,0,0
-0.1428720117995382,0,0
-1.032876240215966,0,0
-1.8827258480661002,0,0
2.083618672529671,0,0
-1.757666491609939,0,0
-1.4837311132352102,0,0
0.7336392529395015,0,0
4.437072770842442,0,0
-2.2134392559394644,0,0
-1.4379113573437492,0,0
-1.9421802182570342,0,0
-2.625048989907128,0,0
-2.1636601509898132,0,0
-1.821119736825101,0,1
-0.7760073605027291,0,0
-1.487041912584933,0,0
0.1158380605669641,0,0
-2.308834941247429,0,0
-2.7346340326625294,0,0
-1.7104316518748863,0,0
-1.0614149478667998,0,0
-2.637783956569696,0,0
-1.1960041218219202,0,0
-2.7584647114358156,0,0
0.5982934161313835,0,0
-2.4171800963018866,0,0
-0.4712522576576105,0,0
0.8655861580844965,0,0
-1.2526310815994737,0,0
-0.8259355010151943,0,1
-1.562011155309904,0,0
-0.7665881970886611,0,0
-0.8693071906443148,0,0
-0.9230490562610274,0,0
-0.0012797919538962746,0,0
0.1804826256569828,0,0
-2.037225239533525,0,0
0.14226642078882012,0,0
-1.8379427768083714,0,0
-2.062346834331846,0,0
-1.0787818002674423,0,0
-0.36643722394788686,0,0
-0.2664459962619544,0,0
0.12643701018067036,0,0
1.32828657828669,0,0
-0.65179362045659,0,0
0.04619642148509209,0,0
-1.3557090431557026,0,0
0.19843246889396862,0,0
-1.4579486808923072,0,0
0.8982059055549214,0,0
-0.3894199151633524,0,0
1.6080500393168962,0,0
-0.885123933127687,0,0
-1.131662352054068,0,0
-0.286983692829916,0,0
0.06755874628173499,0,0
0.02015566826120558,0,0
-0.16704057839145375,0,0
0.21934092160350957,0,0
-1.8258474929951218,0,0
-1.906687570525371,0,0
0.1587341191418812,0,0
-1.686699369010579,0,0
-3.657444061668508,0,1
-2.4916501939325806,0,1
-4.117063313868128,0,1
-3.8039440310848014,0,0
-1.1033498419376349,0,1
-3.136362685330952,0,1
-3.129906900042465,0,1
-0.6606105419714341,0,0
-3.148605070990232,0,1
-3.563051074274663,0,1
-2.47615660415757,0,1
-2.492651415949354,0,0
-0.2334874276969169,0,0
-1.3760964110257599,0,0
-1.0012226559508792,0,0
-1.008390347780577,0,0
-0.3638179139040735,0,0
-0.30819075437407034,0,0
-2.5323473103616423,0,1
-3.5876689102975234,0,1
-2.441380549835511,0,0
-0.1906555278094848,0,0
-2.065292651342107,0,0
-2.0395269871606807,0,1
-2.6680959908287654,0,0
-2.294954482296211,0,0
-1.7007375491070882,0,0
-0.9271505015679451,0,0
-0.5529907867198863,0,0
-2.677071031812982,0,0
-0.3875337735127731,0,0
-0.8052216318450789,0,0
-2.1168693918107233,0,0
0.14196953951401006,0,0
-1.7715835804751452,0,0
-0.08858002884874525,0,0
-0.2464421401007338,0,0
-2.371022711568916,0,1
-0.47645918581040325,0,0
-0.8705275640714296,0,0
-1.2525532391263632,0,1
-1.3194319184577747,0,1
-3.4732022890018763,0,1
-0.5494512895166138,0,0
0.024385294325919737,0,0
-0.26622827815757133,0,0
-0.04989793502706349,0,0
0.5503484051432892,0,0
-1.41097850645529,0,0
-2.647947219188123,0,0
-0.490521323462169,0,0
-0.3412514788227792,0,0
-2.3147968105919987,0,0
-1.3883560489709181,0,0
-0.26017841169141603,0,0
0.5137881857274214,0,0
-0.7369698737256609,0,0
-1.7145287683202937,0,0
-1.060320675970129,0,0
-0.15656287445291678,0,0
-1.242707241913239,0,0
0.574626571980076,0,0
-0.7499159245979161,0,0
0.13728282421195334,0,0
-1.2169923526419544,0,0
-0.19762855683327735,0,0
-0.1414720941368786,0,0
0.11711212532941957,0,0
-0.7049574077417092,0,0
-1.4167644428585526,0,0
-1.9052043557169425,0,1
-0.30175411341035563,0,0
-1.6623264705322112,0,0
-2.186928688502414,0,0
-1.2116478141885976,0,0
-0.712956014513949,0,0
-0.20839297624455566,0,0
1.056433693245429,0,0
-0.2893386513928015,0,0
-1.0884684236257725,0,0
-0.3059461047237082,0,0
0.8365628063527294,0,0
-0.5101588206497276,0,0
-0.49731730113186956,0,0
1.6498566924305242,0,0
1.5617554960144409,0,0
1.027317966917226,0,0
0.826444470084811,0,0
3.3180219409531806,0,0
0.8383818141929487,0,0
-0.48366438468427525,0,0
0.817788369899936,0,0
2.5721019780288974,0,0
-0.5890824222625793,0,0
-0.22470209606276595,0,0
-0.38600291532416997,0,0
2.2653286213010793,0,0
3.2272517541280745,0,0
2.8908334510885894,0,0
0.3928498506592899,0,0
4.512143805666878,0,0
0.31529792486201524,0,0
1.0258102970898932,0,0
1.0141784958659477,0,0
1.4120687503213727,0,0
0.809835402353155,0,0
1.9907050555913126,0,0
-0.21162739112981468,0,0
0.3764541284714645,0,0
0.7359079652068946,0,0
0.28873166480725576,0,0
1.4615449194366834,0,0
2.7422139510442753,0,0
1.4874950787188352,0,0
1.4066277605200688,0,0
3.7490176105785844,0,0
1.286022752626592,0,0
1.432659095550613,0,0
0.4957111470439955,0,0
0.6979130404296622,0,0
-0.2088190977326391,0,0
-0.9628194582807889,0,0
-0.8618643543911495,0,0
1.0968411583875675,0,0
0.5506408836199245,0,0
1.0278036815050802,0,0
0.9623136472544612,0,0
1.7611138262553283,0,0
2.8759662914613777,0,0
2.050888692157098,0,0
0.5133253164039056,0,0
-0.2889247517632172,0,0
1.0314978749895083,0,0
1.050816855254951,0,0
0.6815127904757815,0,0
1.050567748943955,0,0
2.07859084227623,0,0
1.0787934242784023,0,0
0.38497909572537237,0,0
1.3523893557581421,0,0
1.6441024477786117,0,0
1.3237970227987224,0,0
3.1196782534377867,0,0
1.9957367991587942,0,0
1.6529147775842763,0,0
2.028412949496108,0,0
1.179953445159881,0,0
1.0469793620045338,0,0
3.2196643124291984,0,0
0.35468941337605275,0,0
2.353855907579817,0,0
0.802935716709269,0,0
1.967210875386697,0,0
1.436903449729531,0,0
1.1080904723736975,0,0
3.724449954512002,0,0
1.5584871052600038,0,0
1.062092152866091,0,0
1.2800272551362062,0,0
1.483627355978148,0,0
1.2078413759501196,0,0
0.7714743654089458,0,0
1.498093735643606,0,0
1.6140413961451132,0,0
1.3270776187038378,0,0
0.36182597418956575,0,0
1.1233932583533381,0,0
1.0653890911554285,0,0
0.9724610155500487,0,0
2.9029808234086847,0,0
1.7464861790256294,0,0
1.049868990761158,0,0
0.2814225768887464,0,0
1.2643172509091472,0,0
0.5369219177536804,0,0
0.4847854087793652,0,0
0.7985706957775964,0,0
1.4196781150037732,0,0
4.337683069901048,0,0
1.8302796817744713,0,0
1.3399738621755806,0,0
2.5127621117052636,0,0
1.826231051029915,0,0
0.8235120181867932,0,0
-0.15317019571725374,0,0
2.203504937397017,0,0
-0.29028595716627353,0,0
0.16098865188063943,0,0
0.9693519918368847,0,0
0.8035945353501569,0,0
-0.3010093373578323,0,0
1.540701084823778,0,0
0.05044505428861137,0,0
0.9738331678151778,0,0
1.1678080568071207,0,0
-0.8715869155067594,0,0
-0.809792042368791,0,0
0.031119744368992435,0,0
-0.4677600078028458,0,0
-0.5773704518223242,0,0
-0.6595435161205914,0,0
0.05673334173755875,0,0
0.379024082790454,0,0
1.7201437465393672,0,0
0.30445646697467266,0,0
0.6741325145524308,0,0
0.48238384530891376,0,0
-0.3167592140392872,0,0
-0.44604283687207485,0,0
-0.9889774030404065,0,0
2.607821946037536,0,0
-0.24561739500075472,0,0
-0.4311486805312237,0,0
-0.6813281365664643,0,0
-0.41690015530628394,0,0
0.0908102491569079,0,0
-1.18540497853571,0,0
0.018655156092049277,0,0
2.3340363261540102,0,0
2.8280523410146046,0,0
0.4680282316144884,0,0
1.691350384314941,0,0
0.7553800392068543,0,0
1.1944299437131147,0,0
1.8616180224223942,0,0
-0.4031374883949042,0,0
1.3674950516432978,0,0
0.628202930535349,0,0
-0.32220827190654844,0,0
0.4549793928536702,0,0
-0.6282914603240218,0,0
-0.9680022030597913,0,0
-1.1344498904489329,0,0
-0.8047587457031112,0,0
0.030929535984073976,0,0
-0.2358649906108522,0,0
-1.1481068620083157,0,0
-0.29408013222824847,0,0
-0.6022934805353113,0,0
-0.9611528914147841,0,0
0.5734087010973203,0,0
-0.2749794300224617,0,0
-0.4791537766994012,0,0
-0.17664421488288368,0,0
0.10452716592782034,0,0
-0.8451408891175168,0,0
-0.148886551870968,0,0
0.08773094261704169,0,0
0.0865168470674986,0,0
-0.24396839470219087,0,0
0.29064068284565325,0,0
-1.3566530555265635,0,0
0.7975808323660901,0,0
2.132977426385474,0,0
-0.7767930992044209,0,0
-0.4998917231818602,0,0
2.7920084439586357,0,0
0.20733922551964484,0,0
-0.14272125626826204,0,0
1.7575657312896493,0,0
-0.40509830778019845,0,0
-0.8944698074317609,0,0
0.6702871629344801,0,0
-1.4730363726509879,0,0
-2.083265853311933,0,0
-1.2511564507991062,0,0
-1.9185239912641163,0,0
-1.1078137956948282,0,0
-1.8972728838409647,0,0
0.7004481802767274,0,0
-2.5492792212249,0,0
-1.9970174721385663,0,0
0.6036529396476449,0,0
1.278773451731257,0,0
-0.2594722921464494,0,0
-0.6133398109937502,0,0
-1.4810411728922817,0,0
0.9122993881715848,0,0
-1.9874067325163522,0,0
0.5413712166089083,0,0
-0.8935444841411856,0,0
-0.21125820497012712,0,0
0.029205583475995302,0,0
0.16507175680895017,0,0
-0.723927366791534,0,0
-0.48831472043253543,0,0
-1.0191242505453129,0,0
-2.044913536715635,0,0
-0.45657856613612285,0,0
-2.299401344860746,0,0
-2.6773860955419537,0,0
-1.7424005843910053,0,0
-2.5760042388302296,0,0
-2.9386294643479536,0,0
-3.8522084261995526,0,1
-2.802159525282554,0,1
-0.9551350567532726,0,0
-1.4247808867824354,0,0
-1.9305577541116343,0,0
-1.829253422190523,0,0
0.3211039818336492,0,0
-2.187048163475634,0,0
-2.493778663410959,0,0
-0.07324834536259175,0,0
-0.6012240638345973,0,0
-0.9035556598130375,0,0
-0.5764330670419807,0,0
-1.850445269433401,0,0
0.008651232755953545,0,0
-0.5716389471537534,0,0
-1.0970994708443589,0,0
-2.6460840467933355,0,0
-0.4194731584350214,0,0
-2.697887415083788,0,1
-3.8750806798482342,0,1
-3.054776316696518,0,0
-2.930775813928321,0,0
-0.49912050515310974,0,0
-2.1030134033285925,0,0
-1.6540767609009244,0,0
-1.432293949540556,0,0
-0.2382378011493762,0,0
3.1756185834731743,0,0
-1.5694133863710258,0,0
-2.877754486114962,0,0
1.8940391477466543,0,0
-1.6753639474054303,0,0
-2.329553550765386,0,0
-0.7830494084490142,0,0
0.49290535702130744,0,0
-1.073236022125704,0,0
-0.3448387151812592,0,0
-0.26623110256743776,0,0
-1.715334883356733,0,0
-2.047100120280948,0,0
-2.36683351186014,0,0
-0.9128786503213258,0,0
-2.9435983921012254,0,1
-2.6732817638766275,0,0
-2.2809715594603195,0,0
-1.118619855924456,0,0
-2.0206733263101477,0,0
-0.9420948658165406,0,0
-0.09309254676570791,0,0
1.0756256039278411,0,0
-0.4765319768510544,0,0
-1.1757479989940947,0,0
-2.2940591257041474,0,0
-1.5212621723666007,0,0
-0.3283012701242593,0,0
0.05539667153009703,0,0
-1.3496134823574792,0,0
-2.973659052986193,0,1
-2.2101974032787064,0,0
-1.4458262666957153,0,0
-1.0389575365818708,0,0
-0.638607074652436,0,0
-2.351412756575254,0,0
-0.4378997060036931,0,0
-1.663540281517818,0,0
-1.856595499871081,0,1
-1.5850883314827675,0,0
-1.3326561236482153,0,0
-1.8420424923112144,0,0
-1.2936176435484825,0,0
-3.564504161410394,0,0
-0.9558046276022463,0,0
-1.2701438498919553,0,0
0.6214417162985792,0,0
-1.0806264123784923,0,0
-2.587094831412546,0,0
-2.415823626496252,0,0
-1.1599328365854458,0,0
0.1837920641092808,0,0
-0.04449154479987189,0,0
-1.2781922638856456,0,0
-0.6709776571827958,0,0
-0.1726469731749101,0,0
-2.46664931769471,0,1
-1.9295351198426023,0,0
-0.738602506190277,0,0
-2.2225429648040493,0,0
0.42124293962952186,0,0
0.1025322070004071,0,0
-0.6940010754099285,0,0
-0.26354403819165506,0,0
-1.0627149458004432,0,0
0.5150108341296372,0,0
-1.5204281104582844,0,0
-0.6893684036743069,0,0
-0.9356439174674098,0,0
-2.9617307778453386,0,0
-2.0592767246749686,0,0
0.6132766886001885,0,0
-2.253960725256452,0,0
0.27454107896966573,0,0
-0.35081394009312133,0,0
-0.9476168309467113,0,0
-3.5110027388054474,0,1
-4.018476835279529,0,1
-4.517315817635044,0,1
-3.2581230548388636,0,0
-0.09217979993427099,0,0
-0.3046655605934912,0,0
2.703490904707438,0,0
0.18791353368010455,0,0
-1.561392836997899,0,0
0.016612516002233933,0,0
1.3307331016300847,0,0
1.274600115302759,0,0
-1.5896933397239252,0,0
0.5783901762938068,0,0
-0.30797555617731215,0,0
-1.4027339104360197,0,0
0.636759027623875,0,0
-0.6398249148141278,0,0
-0.024704239889417175,0,0
0.8792882313216803,0,0
0.23043350910069937,0,0
-0.0469660042521224,0,0
0.6321458762889343,0,0
1.1164293157728624,0,0
-0.043262516942548734,0,0
0.03967162011697959,0,0
-0.7024822287783834,0,0
2.794454676557229,0,0
-0.1930060370841711,0,0
0.06139798659006743,0,0
-0.5142058547238727,0,0
-0.6057923729279118,0,0
-1.3436969081277619,0,0
-1.4880742020188553,0,0
-1.1392773874673505,0,0
0.70003582370543,0,0
1.6710878533521427,0,0
1.9797043758152126,0,0
0.7014821118958959,0,0
0.9900645033092967,0,0
-0.3938897772215346,0,0
0.034383595116066784,0,0
1.147201474773961,0,0
-0.21215194858001235,0,0
1.071115978287648,0,0
0.34428389379359997,0,0
3.0699808611558974,0,0
2.4053684207028816,0,0
1.9285841878647934,0,0
-0.07879186139859527,0,0
2.390445932629877,0,0
3.2100489365305527,0,0
2.4927456672865307,0,0
1.1720996715599008,0,0
-1.1451004593400864,0,0
0.32823961595995604,0,0
0.8677741655386758,0,0
-0.4301206385525295,0,0
0.5247720787852844,0,0
0.15990461902889108,0,0
0.27706180152438586,0,0
0.07028690511576367,0,0
0.8004597387912936,0,0
0.8654848186821832,0,0
-0.1472276222016356,0,0
0.1327275670526697,0,0
1.0157654267204934,0,0
-0.3585166185182355,0,0
0.11688749173145892,0,0
1.0021244021593076,0,0
0.856897289139022,0,0
0.4990291806940906,0,0
-0.09023088748548728,0,0
0.9875751553635386,0,0
1.4790679469398953,0,0
1.6992154479079185,0,0
1.0227767690029281,0,0
0.6331711206945416,0,0
0.2415365445244538,0,0
1.4242641781114969,0,0
1.4698227995167714,0,0
0.11270816350369231,0,0
1.2659248484501937,0,0
-0.14929967506003194,0,0
1.4254195595002002,0,0
1.2750011964444075,0,0
1.130604448804122,0,0
0.9363990075817449,0,0
1.3416513223512738,0,0
0.8736888633961957,0,0
0.7996526915454928,0,0
1.0270035310919008,0,0
1.5327503125765292,0,0
1.0101199277464157,0,0
2.0129517299813244,0,0
0.3036446284354263,0,0
1.0664382900565492,0,0
0.7008027139084043,0,0
0.8375798116616462,0,0
1.9778299603746952,0,0
0.10823280972577447,0,0
1.5527633996905028,0,0
0.5893441720207635,0,0
2.276796340163646,0,0
1.3721140648491281,0,0
0.7068612363680508,0,0
0.40647085701378066,0,0
1.0135150951217882,0,0
0.7290076421274271,0,0
1.1935477125668967,0,0
1.9519575130853695,0,0
0.8940506895775294,0,0
1.7351612206247269,0,0
0.17488432561655828,0,0
1.171924571498544,0,0
1.1369813001415168,0,0
0.7344657767934608,0,0
1.0965054823632192,0,0
0.34393968676129444,0,0
1.3991641033838593,0,0
0.43042541133046514,0,0
1.1340381257251149,0,0
1.5564761563831093,0,0
4.566722400287905,0,0
1.4925412864318999,0,0
2.0089157449870663,0,0
0.7530141140338966,0,0
0.9157651208523141,0,0
0.20450033107611443,0,0
1.0652855220134998,0,0
4.644563314046272,0,0
1.8132262064940272,0,0
1.1802728798062323,0,0
1.7066194130239563,0,0
1.311539643757832,0,0
1.4422616862218782,0,0
1.1861076553291594,0,0
1.7216746691925118,0,0
1.180541299103408,0,0
-0.41347121164601675,0,0
0.6852542345612966,0,0
0.2028566972579432,0,0
0.6114416201036611,0,0
0.31803685840672336,0,0
0.5215968096031671,0,0
0.2640445148032499,0,0
0.9534976391510622,0,0
0.41889152015548026,0,0
0.7502329668256554,0,0
0.0018388587689827716,0,0
1.4595458303064526,0,0
2.488858769986989,0,0
0.6859620741022794,0,0
0.32533315420455083,0,0
2.317698913161487,0,0
0.6884033163136746,0,0
2.485039589374737,0,0
2.174128784785387,0,0
2.4550011789384962,0,0
0.3056662494019402,0,0
-0.39150318610078655,0,0
1.0642983158948414,0,0
1.0318819042641212,0,0
1.1199537903951118,0,0
0.803654312620122,0,0
0.6996412274040266,0,0
0.4203430202809328,0,0
1.2146523740914403,0,0
1.5908059974279256,0,0
0.15369122070132957,0,0
-0.09039486292289653,0,0
0.5417008909769441,0,0
0.6617871016999542,0,0
0.2175442080160081,0,0
0.08139314530708194,0,0
0.9114819772880604,0,0
0.7983332869657634,0,0
0.29298102566471207,0,0
0.2129314916978823,0,0
1.2026701767366523,0,0
-0.485984345111419,0,0
-0.5206996500672949,0,0
0.3405323324294072,0,0
0.8217569512858297,0,0
1.0303363925445719,0,0
-0.2956243104023912,0,0
1.4632187883462462,0,0
0.386646694263769,0,0
1.101714105758824,0,0
2.3090855302638023,0,0
1.4710934501480781,0,0
0.7096198021662752,0,0
0.733523276253289,0,0
-0.5123174938758549,0,0
-3.222892533975965,0,1
-0.27742133669716224,0,0
1.8667909135488445,0,0
0.6244449043353321,0,0
1.4118978416599053,0,0
0.5412314860489627,0,0
-1.7363052894388955,0,0
-1.9051349939487703,0,0
-0.020268077463250028,0,0
0.35413125998629535,0,0
1.0531770279931842,0,0
-1.1305229517052826,0,0
2.712374182407354,0,0
-0.3051454278119649,0,0
-2.3280503068848453,0,0
-0.46353143656537443,0,0
-1.0164896312068958,0,0
3.0178752463608216,0,0
0.45651244115980716,0,0
-0.3595584290814811,0,0
-0.6245505535562267,0,0
0.4896135843060831,0,0
-0.6150998033110197,0,0
-0.3610254175070185,0,0
-0.25709169721623176,0,0
0.9771858894797081,0,0
0.17993172314249659,0,0
-1.5470948389268961,0,0
2.0493304072036556,0,0
0.9712273022133182,0,0
-1.2756817215642449,0,0
-0.04805932388431342,0,0
-1.7866075905085275,0,0
-2.1561631712608786,0,0
0.12250032536613717,0,0
-0.6859777595794627,0,0
-0.3269198144051767,0,0
1.3712582575316266,0,0
-0.04727530608257661,0,0
2.4699298181558302,0,0
-1.439868126297237,0,0
-0.4438387931618144,0,0
1.1131835947987752,0,0
0.33906178646247426,0,0
-1.1582867516675193,0,0
0.3302064420910254,0,0
-2.385072843690337,0,0
-0.28657630934544887,0,0
0.6171882092708066,0,0
-2.362749829240345,0,0
-2.5914858522962376,0,0
-2.7858566442513415,0,0
-2.4161449273217475,0,0
-0.5285025320727494,0,0
-0.5630314762872746,0,0
-0.3735811632901038,0,0
-1.035305947680273,0,0
-1.313698365085977,0,0
-0.7427725312266658,0,0
-1.7768710929213167,0,0
1.5832138316021336,0,0
2.077342683047002,0,0
-1.8074930290582834,0,0
-1.1520142747661617,0,0
-1.4180399889257354,0,0
1.1017104044145047,0,0
1.8206838935997691,0,0
4.199879051346337,0,0
0.41763289271268733,0,0
1.9196151481277979,0,0
-1.4969156374770256,0,0
-1.799313516048769,0,0
-2.069937901457262,0,0
0.8300296851675162,0,0
0.7693250554573026,0,0
1.4349647881381944,0,0
-0.2808460421895013,0,0
0.17571215160764328,0,0
2.0325948252444355,0,0
-1.0462228032519036,0,0
-0.5888962069787528,0,0
-2.5626862602939995,0,0
-3.358474418323149,0,1
-3.4017333425238228,0,1
-3.33419398855232,0,1
-3.148527908591907,0,0
-3.1182346113137998,0,0
-0.3324143386548435,0,0
-0.7525542743239786,0,0
0.024398838047476643,0,0
-0.2833634607031459,0,0
-0.6621550383593068,0,0
-2.5999708769657537,0,0
-0.6066750415820629,0,0
-0.4850825689912068,0,0
-2.2658287804573205,0,0
-0.7012668410482499,0,0
-2.6518830482945877,0,0
-3.1487207263883006,0,1
-2.9371406947974834,0,1
-3.5844358558717455,0,1
-0.4492491079427431,0,0
0.1738763909493076,0,0
-0.7687378703760454,0,0
0.3153018380496229,0,0
-0.07232505706450855,0,0
-0.9593277882552627,0,0
-1.7362025329237663,0,0
-0.23119458427016484,0,0
-1.5465049022718438,0,0
-0.6949436290464012,0,0
-0.6550017501668347,0,0
-3.2923822306236814,0,1
-3.4095186534204283,0,1
-4.41795858731967,0,1
-4.868984945640217,0,1
-3.3246155890156235,0,1
-0.5562850246774024,0,0
-3.021080728124615,0,0
-3.3983881436774674,0,1
-0.7695642773721647,0,0
-0.9662156372847901,0,0
0.07422911800331633,0,0
-0.7966404337726342,0,0
-0.715551113228382,0,0
0.06307261256792011,0,0
3.05496775329391,0,0
-1.2022612331101037,0,0
-2.411564726940621,0,1
-3.3729847718827797,0,1
-1.0742271698811137,0,0
-1.5464073177779092,0,0
0.33164918504638835,0,0
-0.44755474255356753,0,0
-1.8266570267772406,0,0
-2.304758168964835,0,0
-1.6111558109697302,0,0
-2.6118829294397963,0,0
1.2917106562443819,0,0
-2.5548502632396284,0,0
0.22885636349358643,0,0
-0.772297852406563,0,0
-0.8330646685092673,0,0
-1.729963591956784,0,1
-2.673410052088118,0,0
-1.8126632509160765,0,0
-1.846572895440828,0,0
-1.7451914657294358,0,0
-1.3084391883159052,0,0
-1.462014420519139,0,1
-2.3855154098354987,0,1
1.8154572340765631,0,0
-2.5869378476736076,0,0
-2.0072982382251228,0,0
-0.8658889531427797,0,0
0.14811982966056614,0,0
-2.5461215970600675,0,0
0.14134876370430122,0,0
-1.1556358427852158,0,0
-2.116512637586296,0,0
-0.6337615531769893,0,0
-1.32267703319141,0,1
-0.3923605646856025,0,0
-2.986349325834583,0,0
-0.5604669140364801,0,0
-0.28918711894061444,0,0
-1.5853789094496955,0,0
-2.830537628612804,0,0
-2.193654658760463,0,0
-1.3089334949257319,0,0
-1.9528038721651275,0,0
-1.2161850791472555,0,0
0.3582696300432579,0,0
1.9906704194482974,0,0
-0.21600140962607772,0,0
-1.5079652751000245,0,1
-2.5250570962498777,0,1
-0.39738660489196703,0,0
-0.3099618807011432,0,0
-0.17465729029698435,0,0
-0.5989031230526927,0,0
-1.0074141058945032,0,0
-0.9759489053203642,0,0
-1.189973233274198,0,0
-0.0028515240057114875,0,0
-0.6890013738959326,0,0
0.631932804773463,0,0
-0.07648025418746385,0,0
-1.2436019354699779,0,0
2.9245850622520626,0,0
-0.5526236360076151,0,0
0.3118663753104515,0,0
-0.8713831101556415,0,0
0.010056843507266655,0,0
1.3069075633904395,0,0
0.1678930574803976,0,0
-1.0244666357639742,0,0
-0.5308185011249991,0,0
-0.21951281990042845,0,0
-0.30233830720880783,0,0
-0.46058843656976683,0,0
-0.46276865755085944,0,0
0.2882818259414565,0,0
-0.5251289317536283,0,0
0.17071633360467092,0,0
0.8789863582274355,0,0
0.3206434479930744,0,0
-0.8008485610607067,0,0
-1.5745886495205794,0,0
-1.4157733824284948,0,0
-0.8572301643528925,0,1
-1.5143718364010808,0,0
0.9018290963280677,0,0
-0.6883784070403842,0,0
0.8411467639210628,0,0
2.580595117492255,0,0
1.6898429995573636,0,0
0.10452061834632272,0,0
3.6949103257538827,0,0
1.090878605065336,0,0
0.493466832991663,0,0
0.5124762565050467,0,0
0.8864214268043729,0,0
0.25115383234482075,0,0
1.0509245250602253,0,0
0.4022561635028213,0,0
0.6688856277198074,0,0
1.1242697592978448,0,0
1.6611131190633586,0,0
1.5894232895522769,0,0
1.343942052250786,0,0
0.5066738925239647,0,0
0.17923793220334044,0,0
1.5022316425656903,0,0
0.5224317869793736,0,0
1.0441750801565173,0,0
1.1817034578207584,0,0
0.7250052004727252,0,0
0.8262764475405656,0,0
-0.6522695207641829,0,0
1.3256627578671965,0,0
0.09875832352860091,0,0
0.5107173693385639,0,0
0.44001420933253765,0,0
0.0771873297286442,0,0
-0.774373091046066,0,0
-1.1678816317265257,0,0
-1.530938346347926,0,0
-1.5587798848821068,0,0
-0.09278365534315532,0,0
1.378942125330944,0,0
1.5684302501225647,0,0
0.7006953527890064,0,0
1.4959256641379273,0,0
1.5081596208839692,0,0
1.6779803590352584,0,0
2.1946002468973664,0,0
5.736042284073203,0,0
2.3783703552369846,0,0
0.4782350721523348,0,0
1.101244126746621,0,0
0.33639406199109756,0,0
2.0553306282075456,0,0
1.504357136049802,0,0
1.6221767635863948,0,0
1.5089357783103747,0,0
0.5777481415229516,0,0
0.20506441310105264,0,0
-0.3098223678995645,0,0
1.0712779278032352,0,0
1.0780208766840111,0,0
0.35974379592368244,0,0
1.1012065158282698,0,0
0.7721588944246806,0,0
1.465316787398257,0,0
1.1951029697165543,0,0
1.3012484592759945,0,0
0.6097828106944972,0,0
0.429789229786005,0,0
0.3910880862225727,0,0
0.801051199306551,0,0
0.10248672951394848,0,0
0.283001811594287,0,0
0.34363437370781114,0,0
3.033296286722043,0,0
2.425139295424327,0,0
1.5753887642023852,0,0
1.9290516585027082,0,0
0.6772690562888616,0,0
1.5382494970540834,0,0
-0.07914452878273198,0,0
1.1632464506475444,0,0
4.611846726858779,0,0
1.753589444880805,0,0
1.2341315363976137,0,0
-0.2087850606801604,0,0
3.494303345528477,0,0
1.8535886258530099,0,0
0.04909701025521427,0,0
3.059340890458361,0,0
1.0789953738782307,0,0
2.0874910585703033,0,0
1.9556651237354832,0,0
1.8249671533638177,0,0
1.0116712066130684,0,0
1.1660048441507267,0,0
1.547559177502692,0,0
0.35906697309048075,0,0
0.4877376821516778,0,0
0.9145813618195807,0,0
0.6973975954380489,0,0
0.9324736838370308,0,0
-0.17881693340480748,0,0
0.886414222658764,0,0
0.4999691877558041,0,0
-0.1131227806533575,0,0
-1.5523495193629453,0,0
-0.8484630527190715,0,0
1.108047286374531,0,0
1.030619696243904,0,0
0.25541887644569927,0,0
0.5703587402176746,0,0
0.8313064758031933,0,0
0.9429105342085501,0,0
0.7656703623674733,0,0
0.8833429600469566,0,0
0.08770175749904814,0,0
0.8309032468615265,0,0
1.2262069156582183,0,0
1.2636554570455356,0,0
1.5472301202279175,0,0
2.2694718698638963,0,0
2.135919714823753,0,0
1.219014026830605,0,0
3.2282824541852784,0,0
1.3154960631052155,0,0
0.8711575006568626,0,0
-0.2959947398203344,0,0
-0.8773168109069914,0,0
-0.7718329615121713,0,0
-0.3701953309663844,0,0
0.8347277961524237,0,0
0.7629304832588617,0,0
0.23711761625573088,0,0
0.3868983563878818,0,0
-0.24585100201646048,0,0
0.31308244609175007,0,0
0.989874894739497,0,0
1.7916782339250936,0,0
0.13606601585888825,0,0
0.3530452360504593,0,0
-0.027684492951984805,0,0
2.1470047251938102,0,0
2.5611976174950035,0,0
0.34704828670910953,0,0
1.0619066028518485,0,0
-0.0029756295113130527,0,0
1.7962358765614514,0,0
1.6936093192087633,0,0
1.028913587992781,0,0
-0.9103641268539628,0,0
-0.4099337632105544,0,0
0.9590495994590617,0,0
1.1968562046741529,0,0
0.16647167664395962,0,0
-1.4455557148336546,0,0
0.5859426271044943,0,0
1.4237528549145284,0,0
1.2424680237551202,0,0
2.468873954354986,0,0
1.2382745126226848,0,0
1.4690646756395038,0,0
3.880013505282288,0,0
2.280136848432229,0,0
0.9014542501611921,0,0
2.6407543035964007,0,0
1.1874004216103287,0,0
0.12401509427307648,0,0
-0.018500590268648275,0,0
-1.2598323553327022,0,0
-1.017671405590181,0,0
-2.2398491026537735,0,0
-1.9758755749628525,0,0
0.277938135727705,0,0
-0.3031816135283098,0,0
-1.4339522000400935,0,0
-1.6655195572464214,0,0
-0.11518725866666076,0,0
-0.4656521004990089,0,0
0.5088995602452727,0,0
0.446788372251056,0,0
0.35253267220770024,0,0
0.9265857068223391,0,0
-0.7916914443648668,0,0
-0.8383551355731815,0,0
1.8734697466859196,0,0
-0.5449269666331555,0,0
1.8866687848829424,0,0
-2.6369121772424524,0,0
0.6269697177439231,0,0
-2.3424817660287176,0,0
1.6167253190189776,0,0
0.16404412244994698,0,0
0.07571371329751264,0,0
-2.3408817271177846,0,0
-3.166230859938589,0,0
-2.520944279825625,0,0
1.5422304520370413,0,0
0.6400468721274706,0,0
1.3785155437846837,0,0
-0.7910821076796339,0,0
-0.17009361599127978,0,0
0.06823444185021128,0,0
0.03739593779946187,0,0
-0.44445720949210965,0,0
0.5737340064149064,0,0
-1.718084687278411,0,0
-2.8338501441284536,0,0
-1.3898955214438673,0,0
1.021248381621293,0,0
0.6644425519986747,0,0
1.537582997188621,0,0
0.12394386337780378,0,0
0.9599363661011626,0,0
2.108375568172049,0,0
0.11933364743107497,0,0
1.061957029540447,0,0
0.23502397132355676,0,0
2.3895593535416655,0,0
-0.8495853734224081,0,0
-0.46717858498280646,0,0
1.089491660358969,0,0
1.4029252323178643,0,0
1.5320731179712372,0,0
-0.5300051224747704,0,0
-0.39641441284547035,0,0
-2.596920252243681,0,0
-2.7602511301433275,0,0
-2.7926198094047745,0,0
-3.0316999695433893,0,0
-4.110856629604576,0,1
-4.184189658968984,0,1
-3.536620628991729,0,1
-4.042133657187694,0,1
-4.042326306849565,0,1
-3.2662655572633974,0,1
-4.7916245304772165,0,1
-4.486248846147738,0,0
0.07355842449117359,0,0
-1.248451377467432,0,0
-0.42129329588689357,0,0
-1.177164428128937,0,0
-2.4962203357810284,0,0
-2.3728692115297956,0,0
-1.8822999308091681,0,0
-1.4107838517297775,0,0
0.850869202622631,0,0
-0.6111785872455804,0,0
-0.09070926298873642,0,0
-1.1725577366799327,0,0
-1.8649440809330098,0,0
0.0007461746067477443,0,0
-1.4421032117273676,0,0
-1.857234788765931,0,1
-3.354374973097931,0,1
-1.9138340265095042,0,0
0.3862748074801421,0,0
-0.05362898935607994,0,0
-2.240487984425873,0,0
-0.8841179600293902,0,0
-2.4044104188654494,0,1
-2.077264202946774,0,1
-1.1014419378171223,0,0
-1.6852693260204725,0,0
-0.29683642807153454,0,0
-1.2270735356464244,0,0
2.813115878838108,0,0
-2.1103737573177206,0,0
-1.4593064885616431,0,0
-2.3879831746754565,0,0
-1.451773037072844,0,0
-3.5559058794366334,0,1
-3.942399865197976,0,1
-3.8701136797460665,0,1
-3.706065304967027,0,1
-4.2614411181203415,0,1
-4.846632836879226,0,1
-3.1002202233510956,0,0
-1.4563739416614208,0,0
-1.2357870381964051,0,0
-2.2481276989311727,0,0
-1.3910658360391221,0,0
-0.5789704447960611,0,0
-1.7768408530860897,0,0
-1.451813490227985,0,0
0.4867838784049338,0,0
1.0704559385546002,0,0
-1.237776211168237,0,0
-0.5246855749805439,0,0
-0.020520686606003313,0,0
-1.0407470734597932,0,0
-2.4461559428683683,0,1
-3.1717302480997693,0,0
-0.5987411003920191,0,0
-0.16971373263000886,0,0
-1.0614571027269617,0,0
-4.252084218585382,0,1
-0.6343657410934479,0,0
-2.1369439008530007,0,0
-2.91501689519133,0,1
-1.3294938236639888,0,0
-2.622613983562236,0,0
-2.240911223416157,0,0
-2.4341353547823426,0,0
0.4971591021290963,0,0
-0.9172202885669724,0,0
-0.9644659410910055,0,0
-0.45467996177668274,0,0
-0.006796013960276998,0,0
-0.4161249626507183,0,0
-1.2368043111973794,0,0
0.5626727170000633,0,0
-2.0246488829906855,0,0
-1.0596824412380572,0,0
-0.5404752090538574,0,0
-1.0227942368294671,0,0
-1.087466923292989,0,0
-0.9892924000377098,0,0
-1.8286710808044382,0,0
0.46428491894505935,0,0
-0.12281635591379779,0,0
1.9519087833063686,0,0
0.004834703286994326,0,0
-1.616298333321528,0,0
1.3357516618090384,0,0
0.060139987305250275,0,0
-1.6655962387675387,0,0
-3.2517098287201733,0,1
-3.152597972189237,0,1
-2.131176746968255,0,0
-0.23773558907100628,0,0
-0.4568140756752143,0,0
0.7307743730652387,0,0
-0.9793119776879337,0,0
-2.192082440931808,0,0
-1.8834070996958896,0,0
0.915357689042097,0,0
-1.2370523146577577,0,0
-0.6747570293040764,0,0
2.9675432008828695,0,0
2.0372479785143267,0,0
2.9890685630077543,0,0
-1.7165694142445589,0,0
-0.6848750799464483,0,0
-0.26130869925824,0,0
-1.4401865474382536,0,0
1.519967653663937,0,0
0.5754106855658561,0,0
-0.533913038488002,0,0
0.743426585463121,0,0
-0.5276954389131682,0,0
-1.3069465930153827,0,0
-1.0278091852415474,0,0
-1.132281161289799,0,0
1.5245684330895009,0,0
1.1488791021470064,0,0
-0.6242779399472642,0,0
-0.3602728979348087,0,0
0.31489035768149537,0,0
-2.2385536288727557,0,0
0.61141235890057,0,0
-0.7623336878843622,0,0
-1.4444962701613409,0,0
-1.4792894884609202,0,0
-1.226619815148628,0,0
-1.0770774510211505,0,0
-0.44667763346026407,0,0
0.35356398120119725,0,0
1.259203823366764,0,0
0.219727225868334,0,0
0.9318009206282202,0,0
1.2367371861187793,0,0
-0.1778923286069851,0,0
-0.3078332591853355,0,0
0.63852891968739,0,0
5.366617574634812,0,0
-0.3640439668517848,0,0
1.003928580620971,0,0
0.5715762716147283,0,0
0.3832077240222815,0,0
0.4931523234682239,0,0
-0.8464263996748738,0,0
-1.052361923360798,0,0
-1.4051598468843454,0,0
-0.35801491471317826,0,0
-1.211103167771986,0,0
-0.40438206974038143,0,0
-0.4687941552522875,0,0
0.9963768709453276,0,0
0.2998137640808614,0,0
-0.10554511869328878,0,0
1.5661266434851626,0,0
0.15311779624532673,0,0
0.5207144449951735,0,0
0.3024208909804477,0,0
2.08078830556687,0,0
2.886077870757599,0,0
2.7503857270173118,0,0
1.878511741755732,0,0
-0.1226342671245329,0,0
2.561351113458561,0,0
0.5393107200912505,0,0
0.6075461380963634,0,0
3.523445945640421,0,0
2.0611815178969053,0,0
1.37899399744883,0,0
0.5878996921885549,0,0
2.0861277169971033,0,0
1.1814559739923673,0,0
1.0381111353224703,0,0
2.4254080616253466,0,0
4.076794877621092,0,0
0.9763292723225085,0,0
3.0930881977975195,0,0
0.8755681664701832,0,0
2.6830238983436256,0,0
1.4078900578593698,0,0
1.7966987114049997,0,0
1.6826033678964387,0,0
0.964432933532689,0,0
1.8723404415962825,0,0
2.1704700231624656,0,0
0.20178986454276795,0,0
0.8258740911678318,0,0
1.9504038080940145,0,0
2.5041988335636054,0,0
1.778936201961757,0,0
0.5467907489067418,0,0
2.051165345794088,0,0
-0.1766187101817461,0,0
0.4929032203767384,0,0
0.8185784161857076,0,0
-0.03247743028842721,0,0
0.284165496187801,0,0
0.33261234210061374,0,0
0.3773439935344107,0,0
0.21944480928913132,0,0
0.45136952158586097,0,0
1.1025862063919363,0,0
3.4788121566337407,0,0
1.54892587791978,0,0
1.3643944604450633,0,0
1.0481827583993364,0,0
0.7831666004671247,0,0
0.8233012975775339,0,0
1.1890149332492899,0,0
0.8306207469910154,0,0
0.10745924945130753,0,0
0.7822622433349843,0,0
1.9926357713407776,0,0
1.4834889838916467,0,0
2.0580393221658566,0,0
0.16351001715585306,0,0
0.5841372635924815,0,0
1.1684556734542302,0,0
0.5535350535199757,0,0
0.06014504022132797,0,0
0.9650984417352289,0,0
1.36292382010462,0,0
3.072077580001338,0,0
1.6016240979682004,0,0
0.9575914032010859,0,0
0.46047349015695765,0,0
0.40779019016935836,0,0
-0.044610934104817895,0,0
0.6365378459694964,0,0
0.48046612524599225,0,0
-0.3017449588461861,0,0
0.8962144719751787,0,0
0.9494009462578125,0,0
0.7699388339627962,0,0
1.0071660644502416,0,0
0.4766104455872354,0,0
1.0936097921575267,0,0
0.44955586923059654,0,0
-1.1251736006410362,0,0
-0.4689460153443743,0,0
0.5703187055304706,0,0
1.1036513009023752,0,0
1.4307846697475548,0,0
3.6842164032686147,0,0
0.22992825738852674,0,0
2.3272568994402656,0,0
2.0468875374435362,0,0
2.082427667987298,0,0
1.4073606372361593,0,0
0.7097999628392722,0,0
1.9525622982826913,0,0
1.6118476704633058,0,0
0.7468616071442171,0,0
-0.6410779382934222,0,0
5.578608641200028,0,0
1.6011806145972736,0,0
1.3058304066025874,0,0
3.393378696951429,0,0
1.8156950380609058,0,0
1.814479302546629,0,0
1.3305642897385654,0,0
0.26121811434694514,0,0
1.7795507072983223,0,0
0.6220524714820979,0,0
0.9446062733742134,0,0
-0.7509078084652395,0,0
1.3940425280900304,0,0
0.31788140111442126,0,0
0.3009444393615693,0,0
3.9282498422399668,0,0
0.5382303283118195,0,0
1.3441480733013162,0,0
1.3621584855462314,0,0
-1.068113659416665,0,0
0.7219985067954369,0,0
2.4263497194963257,0,0
-1.2226793996941516,0,0
-0.11122776891095958,0,0
0.08127056902349264,0,0
-0.3486166356223315,0,0
0.9939816854435543,0,0
1.1031218534304694,0,0
0.8521981706317073,0,0
0.6615243438683733,0,0
-0.5858921347516298,0,0
1.3009578324293727,0,0
-0.6325859913450053,0,0
0.583428742447412,0,0
0.2101621488600879,0,0
-1.1462476243076964,0,0
-1.8834821747373034,0,0
-0.9395621268029565,0,0
-0.838202336915312,0,0
-1.477629839725932,0,0
-0.4070064372950426,0,0
-2.2216186369817805,0,0
-2.8687044266458823,0,0
-3.042552681757017,0,0
-1.9166486257774313,0,0
-2.0325327775075706,0,0
-2.363750776856345,0,0
-2.43620909012693,0,0
-1.9951996510345231,0,0
-1.0644637458774182,0,0
-0.22378526340881413,0,0
-0.046766998006897376,0,0
-1.2191548826594985,0,0
-1.6254329060452195,0,0
-2.639699557678663,0,0
-1.0468306835054413,0,0
-0.009313508945330552,0,0
-2.2802468373599063,0,0
-2.4210444930797146,0,0
-2.774065139318524,0,0
-2.3271286017316934,0,0
0.20256744228678594,0,0
0.8168616143746539,0,0
1.6947526869056455,0,0
1.160580362904529,0,0
1.095925943759119,0,0
-2.0228350398703383,0,0
-2.585754081007903,0,0
-2.768707207305101,0,1
-1.9017257791268256,0,1
-1.0635685728990119,0,0
-0.3790616708886927,0,0
-2.1596077692748636,0,1
-4.2510954250494715,0,1
-3.7137482313248857,0,1
-3.263738105811481,0,0
0.07692918931492491,0,0
0.5985797802259492,0,0
-0.6719931152787775,0,0
0.40801319279721104,0,0
0.13542696520030262,0,0
-0.9514903745850072,0,0
-0.4813361220380825,0,0
-1.780041587664136,0,0
-0.09413200625263167,0,0
-0.6171627409824678,0,0
0.29381286342903323,0,0
0.8622736055578499,0,0
0.3430271510480099,0,0
-1.203230685747697,0,0
-1.46024910151819,0,0
-2.475927316997126,0,0
-2.4238168583574553,0,0
-0.018084448281870443,0,0
0.13693793193330278,0,0
0.33014489520602514,0,0
-1.6688734302703563,0,0
1.541028395131837,0,0
-2.2187923523311546,0,0
-2.2778158031992572,0,0
-1.1247988526323576,0,0
1.056415737041173,0,0
-1.3617518696701498,0,0
3.262003973420677,0,0
1.4278838489940322,0,0
-2.7375531667922854,0,0
-3.861365810770446,0,1
-3.4764791336200176,0,1
-3.335923815229904,0,1
-3.6126390550665497,0,1
-3.3578433750240526,0,1
-2.888659385097905,0,0
-2.6099983707943455,0,0
-1.0409214704530532,0,0
-0.47833508893779375,0,0
-1.248748603894301,0,0
0.3315778547925954,0,0
-0.33583032272972957,0,0
-0.809453138068356,0,0
-0.251160250521475,0,0
1.0596959240678143,0,0
0.6328927886007795,0,0
1.5910128334925924,0,0
-1.2325759795021602,0,0
-1.5049589665125003,0,0
-0.5949888643366829,0,0
-1.9284189961968394,0,0
-1.2479272276442097,0,0
-1.4795262984369097,0,0
-1.9849238011344654,0,0
0.6963523031861101,0,0
-0.534724320414534,0,0
1.1014453796381523,0,0
0.2627939184579626,0,0
-0.7251587825041359,0,0
-1.5067798590249797,0,0
-0.03042381229253236,0,0
-0.1992471721105287,0,0
-2.812716739879912,0,0
-2.512913716039341,0,0
-1.6648903597711124,0,0
-1.8434774374158447,0,0
-1.4432566378727922,0,0
0.2616058664957777,0,0
-1.239473406279435,0,0
-0.26237881404038105,0,0
-2.560684479014731,0,1
-1.9870968400708635,0,0
-2.4280425333870728,0,0
-2.4584835797098554,0,1
-3.0825473491141544,0,0
0.010649563325750755,0,0
-0.7955050548815163,0,0
-1.6551570036865264,0,0
-0.6100248381890565,0,0
-3.4307464988194427,0,1
-0.04186607976319078,0,0
-0.7400120834647981,0,0
-1.7365041961560002,0,0
-1.9726297715799486,0,1
0.20251412233151572,0,0
-3.5986510515949157,0,1
-3.3957734544151257,0,1
-3.548719592202146,0,1
-0.41279471627685876,0,0
-1.6497081420662931,0,0
0.4163439761649499,0,0
1.000540972740507,0,0
-1.6539556751482636,0,0
-2.596223607110492,0,0
-3.3066580923339046,0,0
-0.485037608329122,0,0
-1.1181643539359716,0,0
1.126874564407313,0,0
-0.14039745943884263,0,0
-1.3891555286673927,0,0
-0.8082350828340971,0,0
0.9470240711349899,0,0
-1.3259530694260337,0,0
-1.1369501276494578,0,0
1.312456165832295,0,0
-0.37951211698680154,0,0
-0.2093376199788046,0,0
-1.7722970296874816,0,0
-2.362640569343175,0,0
-3.332509920955619,0,1
-1.7184998299487333,0,1
-1.177797755995867,0,0
-0.927339064448832,0,0
-3.7664796395730757,0,1
-1.5444126952630777,0,0
-2.748228500363524,0,1
-2.418564272017885,0,1
-1.2650691224767094,0,0
-0.799855339092208,0,0
-0.9748512695076017,0,0
-0.03451376501905383,0,0
-2.6881948322953075,0,0
-1.8244525138159886,0,1
-2.200333595607155,0,1
-3.2341132171008,0,1
-3.44784113088762,0,1
-3.5411209380566047,0,1
-2.7340379316473933,0,1
-0.8477062779786254,0,0
-0.5414600932205725,0,0
-1.0206801407193218,0,0
-1.3194734464801643,0,0
-2.4506192769260546,0,0
-0.9309752012915951,0,0
-1.5353051981418113,0,0
-1.7870743303176349,0,0
0.08035298135210964,0,0
0.7193477504502017,0,0
2.1828196677203358,0,0
-1.2095641167327336,0,0
-0.3040307653876793,0,0
0.6222315005606529,0,0
-1.2226618643406815,0,0
-1.7716101465655563,0,0
-1.156897838612888,0,0
-1.8067592537712343,0,0
0.026342109629677167,0,0
-1.074273668058859,0,0
-0.5113619819553809,0,0
-0.45660229989918305,0,0
0.9966559892487998,0,0
-1.1638935240072399,0,0
-1.4014101490760318,0,0
-0.347172943060632,0,0
-2.305968341651382,0,1
-0.9679921945730082,0,0
0.8428469249061262,0,0
1.415902748000732,0,0
-0.34228944015301943,0,0
-0.3695841864323159,0,0
-0.2316918776505945,0,0
-0.2888080648507379,0,0
0.6328108929152106,0,0
-0.6263421257813906,0,0
-1.119484185484786,0,0
-0.9842093299699705,0,0
-0.7889127838607554,0,0
-0.6695215014839971,0,0
-0.7407355130923134,0,0
1.3508027502949875,0,0
0.4989606768529846,0,0
-0.6148871557748112,0,0
-1.5150364972568606,0,0
0.1871424896845961,0,0
0.23429370165378088,0,0
1.2351822704841553,0,0
-0.11937976603890625,0,0
-0.5452277534053124,0,0
0.13105028398926677,0,0
-0.09614977658104773,0,0
-0.7047147024359747,0,0
-0.2906691384788268,0,0
0.12014429180562929,0,0
0.214164521482455,0,0
-0.04295289757162057,0,0
-1.1432816940291177,0,0
-0.3673530165404884,0,0
-0.9393246797859621,0,0
-0.6913176044642735,0,0
-0.1931627473725705,0,0
-0.2856891407822071,0,0
0.10727721380170231,0,0
0.017328142091109118,0,0
0.3379433106873263,0,0
0.6373063853659402,0,0
0.09220821274596847,0,0
3.761503102304442,0,0
2.017159793559872,0,0
1.5226734869255334,0,0
0.23314962319683677,0,0
0.3031630364839083,0,0
0.6277706112764965,0,0
-0.09081543875782838,0,0
0.9191776159682782,0,0
0.61887862527071,0,0
0.3490022040286291,0,0
2.013218514772119,0,0
0.6849737688398201,0,0
0.6209218608662999,0,0
1.7668726012782894,0,0
1.5238450674331356,0,0
1.416634310604408,0,0
0.49665998789154564,0,0
1.4396525686461774,0,0
0.5859706386100704,0,0
1.6405051025534811,0,0
2.1796272592230896,0,0
1.2288830792572136,0,0
0.8632487206628394,0,0
-0.44945722453237397,0,0
1.7697840342954427,0,0
2.549361476985046,0,0
0.5717793752596975,0,0
0.1859655766676631,0,0
0.37009812876848813,0,0
0.37250875043362597,0,0
-1.1061648333153833,0,0
0.32197279853769534,0,0
0.14687076933753382,0,0
0.22041526253070814,0,0
0.5717341016136489,0,0
-0.148928189253847,0,0
2.6244177797328114,0,0
1.196320809187742,0,0
1.325256705593552,0,0
1.1141838328996518,0,0
3.4204153996714783,0,0
1.0797324727976119,0,0
0.5785323506667612,0,0
0.8661219943984533,0,0
1.183331787736941,0,0
0.9745494363544575,0,0
1.3087399938751818,0,0
1.7795974229944538,0,0
3.5065861736242527,0,0
0.7461354438529049,0,0
1.7877720676419806,0,0
1.5243219697572823,0,0
2.2324646421330625,0,0
4.482767978112576,0,0
1.344801489809664,0,0
0.522809664776028,0,0
3.364913163103289,0,0
1.1755670995984222,0,0
1.5537201991169753,0,0
1.5005441025311943,0,0
1.6151987006836328,0,0
1.3909424591743673,0,0
2.5134293357164914,0,0
2.9544049692672765,0,0
1.8248147107272752,0,0
0.9838211746985478,0,0
1.3005638469285479,0,0
1.288447069765945,0,0
-0.21308025402870404,0,0
0.4036266300362827,0,0
-0.5738490207885525,0,0
-0.9459377345509036,0,0
2.8486262547189827,0,0
0.8943692947473817,0,0
0.7686428397876759,0,0
1.24242684021644,0,0
1.0142810195164798,0,0
3.908355246343683,0,0
2.202486973694626,0,0
3.9853139795524197,0,0
0.8411553690848538,0,0
0.8429921873427354,0,0
1.243784683368011,0,0
1.103392627902411,0,0
0.42095128143803434,0,0
-0.6989958385348303,0,0
-2.2093788939336347,0,0
-2.0651422861985247,0,0
-2.225616455655989,0,0
-1.549322483781328,0,0
0.12719383648311275,0,0
1.1044699492825023,0,0
-0.6125731900156742,0,0
-0.7679064841463744,0,0
0.7675984410023508,0,0
0.7032877323374858,0,0
0.860483443148998,0,0
0.333550351075667,0,0
1.3113560481352788,0,0
-0.6443399253722697,0,0
2.18199126807046,0,0
-0.0036915674464302996,0,0
0.1745225804440981,0,0
1.40462670647666,0,0
1.134743233647956,0,0
0.6022212969236482,0,0
-0.30495202788109166,0,0
1.3663311850373543,0,0
-0.7772682789153986,0,0
0.3883401227467467,0,0
1.3833329840772626,0,0
0.23559133468866283,0,0
1.007689553195856,0,0
3.5271718840904582,0,0
2.760438583462828,0,0
0.5366006560414508,0,0
-0.6596912417114756,0,0
1.32091727927,0,0
1.6249915782548694,0,0
0.6862547587137854,0,0
1.366244377638609,0,0
-0.6738701859490923,0,0
-1.1641083861333228,0,0
-1.158296173193044,0,0
1.4000261343817924,0,0
0.4321665027316329,0,0
-1.3746551666977962,0,0
0.5217161743995141,0,0
0.8833362857518522,0,0
0.3608097218797241,0,0
-0.22129437891754983,0,0
1.666054620484706,0,0
1.0722759436049123,0,0
0.9453249417101308,0,0
1.911265799388706,0,0
1.4975865800305816,0,0
-1.1563143571693688,0,0
-0.22255219968045273,0,0
-1.113941801770297,0,0
-0.21376708930913207,0,0
-1.2988715723075968,0,0
-1.1417032635366193,0,0
-0.8247346741962677,0,0
-0.5553280147675282,0,0
-0.11482184476176131,0,0
1.2456217970068133,0,0
0.9210681049242301,0,0
-1.085125536333159,0,0
-1.826502063551267,0,0
-1.821088426178717,0,0
-1.7413110994691599,0,0
-0.6035462440538816,0,0
-1.863291758070158,0,0
-0.48554142464852607,0,0
0.7210262485659878,0,0
0.8570453847203181,0,0
0.7824831491271841,0,0
-0.25221569747139905,0,0
-0.014539456301217427,0,0
-1.7344544192140434,0,0
0.9638050192391897,0,0
-1.6975780414010946,0,0
-0.05990300488596385,0,0
-1.9959590256002255,0,0
-0.5275538467046181,0,0
-1.000414213196968,0,0
-1.7202768312828138,0,0
0.39217603018192465,0,0
1.9926675556497913,0,0
-1.577419801465633,0,0
-1.7673937654253753,0,0
-2.507050147145561,0,1
-2.3327223363777567,0,0
-0.5072710393676406,0,0
-1.4803010728526664,0,0
-2.0906415537623873,0,0
-1.5294875794021587,0,0
-1.535305573177831,0,0
-4.156163753292608,0,1
-4.138032168980355,0,1
-3.5406984509294994,0,1
-1.8840666038304592,0,0
-0.4789189706978165,0,0
-0.6765791738980157,0,0
-2.551316707118637,0,0
1.8480005570330293,0,0
1.212887271583048,0,0
-1.478683764546367,0,0
-0.47139575339949136,0,0
-3.315035643030097,0,0
-3.0404840910384716,0,1
-1.974176751095988,0,0
-0.207559417537671,0,0
-0.42662285959664076,0,0
-0.8108678269429079,0,0
0.12253373763016094,0,0
-1.5705256224759192,0,0
-0.8131519354093308,0,0
-2.2749991719501326,0,1
-0.8854325714259506,0,0
-2.4828621870090712,0,0
-2.581876169499917,0,0
-2.898796138682722,0,0
-0.7757833909009925,0,0
-0.3424452191377232,0,0
-1.0763745931927724,0,0
-2.4319185563576378,0,0
-0.2264591710205064,0,0
-2.2679409726676596,0,0
-0.8869930285585584,0,0
-2.039343035641277,0,0
-2.613251199773162,0,0
-1.2355078425207304,0,0
0.49590900983169184,0,0
0.9284512192392528,0,0
-2.251240118311446,0,0
-1.4120773932929496,0,0
1.8058242757144365,0,0
-2.4169344278821394,0,0
-0.4319329922968086,0,0
0.5085311198407935,0,0
-1.7456617919531445,0,0
1.8042544344280067,0,0
0.16147538828306557,0,0
-0.4942782485197076,0,0
-1.6625580195285796,0,0
2.26738858473295,0,0
-0.673981186307252,0,0
-2.4177724775285285,0,0
-2.500891518010562,0,0
0.5409966470129269,0,0
0.8449578709340163,0,0
-0.43306967238635063,0,0
-0.3919318998328773,0,0
-0.5810521961867523,0,0
-0.04796037960181468,0,0
-0.6352908058878346,0,0
-1.2073665011430597,0,0
-0.7629999862068274,0,0
0.2736835008055879,0,0
-0.17260208787534786,0,0
-0.6710307765622603,0,0
-1.2918196387953227,0,0
-0.2739700974628673,0,0
0.1359076854101348,0,0
-2.0378774218854927,0,0
-2.423800289676348,0,0
-0.6579941783330122,0,0
-0.9971542388480241,0,0
-3.006133221972707,0,0
-2.6277134529934347,0,1
-1.7774501498023383,0,0
-1.248468745458339,0,1
-1.717376994762811,0,0
0.646044638273212,0,0
2.0707404598856702,0,0
-2.0780394679612186,0,0
-0.1446162440048179,0,0
-2.0721875854374128,0,0
-1.2351052417697246,0,0
-1.5528894349436335,0,0
-0.36364385651393105,0,0
-0.21409003548143257,0,0
-0.13540930067240758,0,0
-1.185531400486147,0,0
1.1085091990349447,0,0
1.0759757841271842,0,0
-0.6616026317072469,0,0
2.214877758439309,0,0
-0.10255459761416484,0,0
-1.6769382783859281,0,0
-1.949384129687757,0,0
1.9462362912734736,0,0
-1.75851661411869,0,0
1.9593861936087174,0,0
0.4934877029699078,0,0
-0.05790712702186336,0,0
-0.013908427069985515,0,0
-2.0825336229612064,0,1
-1.015829751818733,0,0
1.1828213103123528,0,0
-0.6921240450029561,0,0
0.375332736470592,0,0
0.10323627925640055,0,0
-0.06232069977283041,0,0
-0.49742836681319685,0,0
-0.3616723128527276,0,0
-0.0729433593587184,0,0
-0.47980010522611755,0,0
-0.9519769277486495,0,0
-0.8928403036444642,0,0
1.0218587348479045,0,0
-1.2014639870724733,0,0
0.925713488140359,0,0
-1.4242197934077003,0,0
-0.6006151399331177,0,0
0.9846387998916083,0,0
1.153105425264766,0,0
1.1526677015486828,0,0
-0.29782755887973344,0,0
-0.9395694596783186,0,0
1.0446627026851578,0,0
0.5796003746044716,0,0
-1.4842053518456313,0,0
-0.9531694604680708,0,0
-2.1777066890934136,0,0
-0.2183442560017484,0,0
-0.5749164094623433,0,0
-2.652024997481414,0,1
-1.1016782960643365,0,0
-2.7310628331313738,0,0
-1.4379105462562203,0,0
-1.857061439863,0,0
-1.702467180607103,0,0
-2.75644771830003,0,1
-1.0576797003615956,0,0
-1.9603083936158812,0,0
-0.34818955989192923,0,0
0.4713703625375797,0,0
-0.7687965468456819,0,0
-0.7708999495962005,0,0
-0.15023923812268142,0,0
3.715544675652062,0,0
-1.1260039978768255,0,0
1.5118581731518013,0,0
-0.8550258924183061,0,0
-1.431245510216513,0,0
3.1326372684273367,0,0
1.374821398180235,0,0
-0.3014980092567081,0,0
0.40819463457912963,0,0
1.9156407066212784,0,0
0.8152608405897973,0,0
0.48813580751314656,0,0
-0.5445663081218115,0,0
-0.11426705848815623,0,0
0.23780241211909006,0,0
1.2191209477911376,0,0
0.437772281821935,0,0
-0.43267399642352655,0,0
1.879140763822845,0,0
2.2570278615265527,0,0
-1.0891024787547632,0,0
2.4030743678551576,0,0
-0.12805786365126204,0,0
0.557400376982051,0,0
0.0848706461435348,0,0
1.7692249572673964,0,0
0.6793205727617859,0,0
-0.9484356162441727,0,0
0.6535071651025038,0,0
0.3291062044696016,0,0
-0.9948990051865342,0,0
0.12043081716065121,0,0
1.297170774683847,0,0
3.6007465058446715,0,0
2.1306783931898394,0,0
1.2901411532883502,0,0
1.5711539781395347,0,0
0.4677471711135814,0,0
0.09123345864617666,0,0
0.3312599879225059,0,0
1.2079545011697728,0,0
0.8512621435521905,0,0
0.6838951500129115,0,0
0.38740465697709814,0,0
0.9573882325046486,0,0
0.4196663540546294,0,0
0.514499973910858,0,0
0.6700746594348033,0,0
0.7415399362457993,0,0
1.0539583426494856,0,0
0.6383598928603165,0,0
0.08289263988414097,0,0
0.2745930834561468,0,0
0.868975558504588,0,0
0.6960495220279128,0,0
1.8188870983034624,0,0
1.9851572028523639,0,0
1.3419307199463917,0,0
0.34270440237253896,0,0
2.5471902572143845,0,0
2.6640447889304832,0,0
2.039952447911488,0,0
0.8209034053731277,0,0
0.040017563523250366,0,0
1.2559133851647903,0,0
1.0655155972352826,0,0
0.40197725628861014,0,0
1.2531018416616695,0,0
2.3247837977528243,0,0
3.2602650329785345,0,0
2.6256241148696122,0,0
0.6785623045127908,0,0
2.064991572730788,0,0
1.2555280598746814,0,0
0.5136660606419605,0,0
0.7103831493718891,0,0
0.6854395434316044,0,0
0.8164494974363258,0,0
0.8259887779164554,0,0
0.6127638090273764,0,0
0.6463771358162019,0,0
0.5887885711715436,0,0
-0.04007077859268152,0,0
0.6430279521390679,0,0
-1.193345174298942,0,0
-0.8093610430086128,0,0
0.9496047214581523,0,0
1.366640001563023,0,0
0.46515226270208143,0,0
0.3905314235572495,0,0
0.46489383363076703,0,0
0.4302432921421738,0,0
1.5713719503498322,0,0
0.7628658552807459,0,0
1.084693374340233,0,0
0.8941300096294649,0,0
1.0889296429464705,0,0
0.2853597130524456,0,0
4.028573607906831,0,0
3.773343474594024,0,0
1.4351398727277955,0,0
2.348017194529949,0,0
3.079070390694363,0,0
1.8343825579117106,0,0
1.3834986614367744,0,0
3.437976819809751,0,0
2.4520063790303532,0,0
2.6742394643719027,0,0
2.4265068798771803,0,0
3.534972241144456,0,0
2.5153270148300932,0,0
1.5376587350853759,0,0
4.028899719224215,0,0
1.4898972769832175,0,0
2.2232729220582486,0,0
1.0388479819152114,0,0
0.9355463483256294,0,0
2.581097684957257,0,0
1.5648971060856278,0,0
0.409353756517508,0,0
1.1788229419792788,0,0
0.6548908560587668,0,0
2.519712409340524,0,0
1.639737142241478,0,0
0.8929943988954687,0,0
0.02441780503527494,0,0
0.9084979360550671,0,0
0.8560462830894763,0,0
1.7975502790495117,0,0
1.4088098504432003,0,0
2.2671628640825916,0,0
0.9738718671033895,0,0
0.8000855905855881,0,0
0.6669901699899817,0,0
-0.242448526349374,0,0
0.20365883430867285,0,0
0.8200655151895793,0,0
1.0769800355667478,0,0
-0.7384990023762396,0,0
0.42325235815858053,0,0
0.7086589762272583,0,0
0.9311330160087944,0,0
0.810234434246102,0,0
0.8750028554834244,0,0
0.1864817997345914,0,0
0.19413437738498698,0,0
0.44372525397928453,0,0
1.8187352043800127,0,0
-0.7717515951924867,0,0
0.776535617353024,0,0
2.440879973577421,0,0
2.0940599969075935,0,0
1.041577440586338,0,0
0.647754810540317,0,0
1.4634356049058643,0,0
1.0962757835739407,0,0
1.5497407058577308,0,0
-0.09122380615511785,0,0
0.6793695534840004,0,0
0.7820011696306806,0,0
1.5795742657195195,0,0
-0.21669208219861175,0,0
0.3839997024644891,0,0
0.153754211641573,0,0
-2.577470418470729,0,0
-3.2304950559243455,0,1
-3.29947270907369,0,0
-2.390766475118209,0,0
-0.19902614042452993,0,0
-0.7504205112452711,0,0
0.19614138948276044,0,0
0.7560677571082861,0,0
0.1673668198570087,0,0
-0.06880482081344529,0,0
0.26163998721666776,0,0
-0.7339317019736203,0,0
1.4088136779662987,0,0
0.043978902971340626,0,0
-0.5848874579847542,0,0
-0.22726139600599912,0,0
-1.0970134129870213,0,0
1.4314149471701092,0,0
-1.4858357228690204,0,0
1.0566939285389765,0,0
-0.5842897254502897,0,0
2.3741885717900666,0,0
0.7579796442657325,0,0
2.273355643960318,0,0
-0.10058857117657816,0,0
0.16124771415976383,0,0
0.8387447334239281,0,0
-0.7071598716611437,0,0
0.025234170292351744,0,0
1.1557454479800588,0,0
-0.8945880809747596,0,0
-2.121105205204654,0,0
-2.3587140073808364,0,0
-0.7537813750904376,0,0
-0.3894933084694302,0,0
-1.2601081717701326,0,0
1.029420283214819,0,0
1.4993750248419622,0,0
-1.441415253423357,0,0
0.7391300463420166,0,0
1.6273988088946385,0,0
0.11907870090831274,0,0
0.03374676429457657,0,0
1.0937502283804583,0,0
-0.7947996233026676,0,0
-1.5202633983480718,0,0
-1.0423117387803014,0,0
-2.2625928836909712,0,0
0.6485622958628576,0,0
0.25836748048185765,0,0
0.5844812408648885,0,0
0.35748403983868166,0,0
-1.230873780730801,0,0
-1.0147647272460951,0,0
-0.7193871071746525,0,0
-3.424452740555092,0,1
-3.344381303401728,0,0
0.12312778414168124,0,0
1.9177950628292064,0,0
-0.2774619251035759,0,0
1.1040114721404877,0,0
0.2606735905140685,0,0
1.1369269724206343,0,0
-0.43151483723482,0,0
-1.7277146630173619,0,0
-0.5954118702266182,0,0
1.1973495994119254,0,0
-1.7073002854317103,0,0
-0.317494251100502,0,0
-0.8875247177155501,0,0
-0.6138576487315722,0,0
0.18083650691414532,0,0
-0.5349136172031032,0,0
-3.109622950123858,0,1
-2.1031137047252884,0,0
-3.6529240695928156,0,1
-4.338554324645528,0,1
-4.979620741275009,0,1
-3.2736489607459274,0,1
-3.473511172319228,0,1
-2.809553303213901,0,0
-1.8645826867087916,0,0
-0.052964517657650485,0,0
-1.1068233863821402,0,0
0.1849931850422794,0,0
-2.132153722255675,0,0
-1.3689718268489361,0,0
-0.3140300741694461,0,0
-0.8622137985262173,0,0
-2.1777404791497625,0,0
-2.875116688684362,0,0
3.6020803532595966,0,0
-1.800184601823334,0,0
-1.5921761274889714,0,0
-1.5854135391670765,0,0
-2.4243343330999503,0,0
-0.39960960642281207,0,0
-1.8096863791806725,0,1
-3.925824746784031,0,1
-3.6857286941572367,0,1
-3.1398552163252598,0,0
-2.5468355270328296,0,0
-3.073034893982712,0,0
-0.8537981562751628,0,0
-1.732814183423678,0,0
-1.3791582018346162,0,0
-0.6731489651666555,0,0
-0.02938259919794383,0,0
-1.307532524221987,0,0
-0.7155460398716083,0,0
-0.4299119431511974,0,0
-1.6188856977354544,0,0
-2.829428873758768,0,1
-2.22123250663808,0,0
-0.32284230925759305,0,0
0.44073821879602576,0,0
3.3556263850005728,0,0
0.8939379879107464,0,0
-0.8586088972274757,0,0
-0.693279730952703,0,0
-2.442380538948364,0,0
-2.9013594245966097,0,0
-2.4351844582669178,0,0
0.6478769972634706,0,0
-2.0601667744773753,0,0
-0.8255336983002209,0,0
-0.43963570874285657,0,0
-0.03714094138271335,0,0
-0.5954783218521565,0,0
-2.7267069855964983,0,0
1.2844478508484836,0,0
-0.6680753316182187,0,0
-1.5534354182790506,0,0
-0.37902765253566867,0,0
-1.7814558512538816,0,0
-0.07075356200290274,0,0
2.041751206449329,0,0
-2.1437107931690393,0,0
1.7162031590450948,0,0
1.6883175528879413,0,0
-1.4098581642896648,0,0
-1.3891389147619504,0,0
-1.6352047876972597,0,0
-0.14537885247307158,0,0
-1.3169122540447102,0,0
1.9229627343286304,0,0
-0.6342689639256384,0,0
-0.014802883047436153,0,0
0.40399262101025046,0,0
-0.39054452977129867,0,0
2.155251761624995,0,0
-1.7763494634483206,0,0
-0.5054643131676078,0,0
-0.08036004520964841,0,0
0.41017707431952527,0,0
2.111353990112176,0,0
-1.228048934991517,0,0
-2.4062897196257764,0,0
3.3324377539124193,0,0
-0.1403275241163564,0,0
-0.8599935931341857,0,0
1.4416441148079584,0,0
-0.5396755180272643,0,0
-0.2114383159459754,0,0
-2.0264536737944403,0,0
-0.6232083688710023,0,0
1.9599685938362363,0,0
0.2154679230824273,0,0
-1.1798012719959108,0,0
1.9853413321107425,0,0
-0.2676023364280667,0,0
-0.9309737349174971,0,0
0.4612562920587092,0,0
0.77392036181325,0,0
1.8760398366231088,0,0
-0.6106058973211299,0,0
-2.693428150885509,0,0
-3.1821227180364366,0,1
-3.5558660644836544,0,1
-3.138769242426359,0,1
-2.823585129088748,0,1
-2.7555164870149413,0,1
-1.755115303455454,0,0
-2.5037330293238194,0,0
-1.4936351127664964,0,0
0.2315416852915982,0,0
-1.9550236590047443,0,0
-0.5428731444176986,0,0
-0.22855838731645403,0,0
-0.9411808352223263,0,0
-1.646053526245276,0,0
-1.1926029714893427,0,0
-0.33211302832405926,0,0
0.10720603899890889,0,0
-0.48232131142628043,0,0
-0.2461089360507554,0,0
-0.2117630220009004,0,0
-0.4520986740854468,0,0
-0.5288393986153679,0,0
0.29863049148400644,0,0
0.24567507957913112,0,0
-0.23536749701912377,0,0
1.9669050246340287,0,0
0.9416826549825427,0,0
-1.1585087455516025,0,0
-0.3733184282857879,0,0
-0.14486056692919927,0,0
-0.7760574889025527,0,0
-0.6730567985518222,0,0
-0.2328025972194296,0,0
-0.3448187399757093,0,0
-2.363569680452305,0,0
-0.4450189267000097,0,0
-0.05969340693927341,0,0
-0.43420572536351226,0,0
0.3914328543239162,0,0
3.7529579693138277,0,0
-0.1254727083405562,0,0
1.595490351163515,0,0
-0.2843277646915059,0,0
2.16896416386257,0,0
0.6764638347923142,0,0
-0.9242133990274392,0,0
1.4800559600449623,0,0
0.7067022205996405,0,0
-0.08852054891963412,0,0
3.053222411052308,0,0
0.7530732017257079,0,0
2.5115527912786337,0,0
1.6694777038632589,0,0
1.8759119549900816,0,0
1.2646582170736964,0,0
1.0827891696259524,0,0
1.298244838449944,0,0
0.7702646618009066,0,0
0.619368505755219,0,0
0.04281136836873609,0,0
1.5832662474471475,0,0
-0.8167766715314291,0,0
3.7110623433300236,0,0
1.0398964206576675,0,0
2.085702211758375,0,0
0.8429129554121354,0,0
2.7898010735904624,0,0
1.4197185778234926,0,0
1.694456941994734,0,0
5.165349536350955,0,0
3.0006251513338116,0,0
1.0661672738480972,0,0
0.864590098741188,0,0
2.127181436251399,0,0
1.144391363603118,0,0
2.382739705900262,0,0
1.4378390111717028,0,0
2.3992458588356858,0,0
2.2238630748182393,0,0
1.9658031737543875,0,0
1.4977440648423377,0,0
1.1847291677330816,0,0
2.854508204677492,0,0
1.1825444781421766,0,0
1.4060911848666449,0,0
2.2419398863043254,0,0
3.2116365901418225,0,0
1.5724341219253626,0,0
1.7572156409097885,0,0
0.883585900955085,0,0
1.067794977632806,0,0
1.3776538327300896,0,0
0.17867650075313124,0,0
-0.8729175150540869,0,0
-0.42111910243113565,0,0
0.934194603745585,0,0
1.2712641637852664,0,0
0.8959408144048283,0,0
0.4481962129154094,0,0
0.4306401945475331,0,0
2.2511816728351066,0,0
1.4889170241179108,0,0
2.2056515593590356,0,0
1.7508475199860312,0,0
2.4738863506512745,0,0
1.941823391875355,0,0
2.0256843300925174,0,0
1.8256264619467395,0,0
0.249630502131061,0,0
2.8121767223065515,0,0
5.1712936359713435,0,0
3.996347966827202,0,0
2.175318935761407,0,0
0.693601336474035,0,0
0.7139159735890239,0,0
1.778522351930234,0,0
0.5727777705849724,0,0
1.1468124785064808,0,0
0.263757402130811,0,0
1.7559847043318437,0,0
0.47172667309646277,0,0
79.12615735020981,0,0
2.4261938531576344,0,0
5.1149045307106835,0,0
4.009083822864206,0,0
1.607989165419895,0,0
2.5575445783606146,0,0
3.4536899016079974,0,0
0.8577994358019001,0,0
0.34271919470042933,0,0
0.2042515774829301,0,0
1.9506360650405334,0,0
1.718267464613985,0,0
2.552872298759359,0,0
0.06271017820780934,0,0
0.12901449289830572,0,0
1.7830314487198036,0,0
0.07429018068080706,0,0
-0.5019151164443205,0,0
1.4188526288127192,0,0
1.191285640502218,0,0
1.3046365660974133,0,0
1.0818555015773863,0,0
0.5601827031225748,0,0
1.7380802309164356,0,0
2.3544052673334037,0,0
0.9925473128102081,0,0
3.161267808861153,0,0
2.639151524944127,0,0
0.11631308491814221,0,0
0.7081623001641417,0,0
0.3962583223134726,0,0
1.055022820378362,0,0
-0.5468498709811878,0,0
-0.6461187906992127,0,0
0.058348376106406905,0,0
1.1516485725072074,0,0
-0.12224262104100725,0,0
1.3530842739629803,0,0
0.9822083320103326,0,0
1.2441572825177036,0,0
0.7416117927621098,0,0
1.5192294253051533,0,0
1.8843267428245234,0,0
0.9143609973657632,0,0
0.5475794365913319,0,0
2.6360425656365742,0,0
2.0367642338832774,0,0
0.7899717494435748,0,0
0.6292361996469142,0,0
0.540912008264281,0,0
0.7491788956761359,0,0
0.576747729151831,0,0
2.277734713873809,0,0
-0.5891862588888999,0,0
-0.9899672801051462,0,0
-0.8821634367374293,0,0
-0.7136033210693182,0,0
-0.8574229601495594,0,0
-1.7180611189693609,0,0
-1.0508386159828045,0,0
-0.7589646729259986,0,0
-0.6155301746305049,0,0
0.2193927964524366,0,0
0.20933655605951432,0,0
-0.06818526707628797,0,0
0.9079468572595426,0,0
1.238419140176092,0,0
1.4914941951118807,0,0
0.1852288687909654,0,0
1.5604498680600158,0,0
-1.0726235668960866,0,0
1.0925257639251933,0,0
-0.8328484237096845,0,0
1.494415201033632,0,0
-0.6008021848647807,0,0
1.3252873693951077,0,0
-0.6915810731997308,0,0
0.08138980929950476,0,0
2.5094907748940036,0,0
2.9668491972772437,0,0
0.9509213002683559,0,0
0.3151262467781247,0,0
0.11314323657843385,0,0
1.0878115183631651,0,0
1.1500032529262323,0,0
1.039545728918015,0,0
1.7319374112362504,0,0
-0.07196744333142242,0,0
-1.1586320241995969,0,0
-0.21643700216406966,0,0
-1.5645492636342957,0,0
-2.9342906114329623,0,0
-2.8496315510634997,0,0
-2.4298420165266967,0,0
-2.307083921975545,0,0
-1.8884372071027151,0,0
-2.669986511792743,0,0
-1.8779595820845938,0,0
-1.5682485931003831,0,0
-1.6965062690628767,0,0
-1.4661688448347687,0,0
-1.2837465654674287,0,0
-0.41848840137448046,0,0
-1.2296709155062577,0,0
-1.537858407029376,0,0
0.4954595465355872,0,0
-0.7021270230287244,0,0
0.05407030474434936,0,0
0.7699315344100437,0,0
0.5780249887983056,0,0
-0.32602217394201954,0,0
-0.3738679727445403,0,0
-0.5582145465293824,0,0
-0.6844197514066659,0,0
-1.59081622505001,0,0
-1.0550251345692445,0,0
0.6457469900776728,0,0
-0.8881788921818649,0,0
-2.468990041530187,0,0
-1.9198823587994973,0,0
-2.5087665786381463,0,0
-1.5185189241961934,0,0
-0.7946616372098136,0,0
-1.1869348713523231,0,0
0.684631049681863,0,0
-1.0072961261807527,0,0
-1.496452872186374,0,0
-2.0022479824023747,0,0
0.4261661486886621,0,0
1.1457217955902332,0,0
0.6592524641162067,0,0
-1.8291734252227387,0,0
-1.4695443085795126,0,0
-3.724437249573827,0,0
-4.112135018670253,0,0
-3.102988074133507,0,0
-3.0972113697708026,0,0
-2.47787034722499,0,0
-1.8529077835372039,0,0
-0.8390693475405283,0,0
-0.10242170679520651,0,0
0.5185362939048318,0,0
0.06988020509304421,0,0
-0.24937542401507404,0,0
-1.0150608138066481,0,0
-0.8373862127749918,0,0
-0.8774732715741134,0,0
-0.494630576678326,0,0
-0.9208691557587451,0,0
-0.5960816210726428,0,0
-0.6545577965785702,0,0
-0.09331854812880933,0,0
-0.7957750319843118,0,0
-0.576007948480431,0,0
-0.8981283933564155,0,0
-0.6014960176398013,0,0
-0.6128663988409662,0,0
-0.8110157571994555,0,0
-1.1816056844779135,0,0
-1.3806374292525678,0,0
-0.7192306075592758,0,0
-0.599230012564305,0,0
-1.413866186439896,0,0
-0.8406950381605021,0,0
-0.6629402201819212,0,0
-0.584390372083782,0,0
-0.7072987077296421,0,0
-0.8195586146966551,0,0
-0.9007755526049115,0,0
-0.8859359121243882,0,0
-0.17630025886939638,0,0
-1.1243327631758477,0,0
-0.253887503604446,0,0
-0.9000536000825947,0,0
-0.8476335567192189,0,0
-0.6138290022040558,0,0
-0.9631220721248173,0,0
-0.9362703148677366,0,0
-0.21694883629698677,0,0
-0.8257751807330549,0,0
-0.1003372836344501,0,0
-0.14928806771846728,0,0
-0.14646054401450198,0,0
-0.49447014278447776,0,0
-0.36518480720836927,0,0
-0.51454381537669,0,0
-0.6065696158576424,0,0
-0.3909135272085126,0,0
-0.7092438450174421,0,0
-0.37946292906042356,0,0
-0.12017030538588994,0,0
-0.6891502418636088,0,0
-0.48737119033191284,0,0
-0.4609205178094525,0,0
-0.754163851193632,0,0
-0.3055053774985805,0,0
-0.39422235259402283,0,0
-0.2091279313221046,0,0
-0.5268767999409444,0,0
-0.6697183048467896,0,0
-0.8036761539061185,0,0
-0.786249640562402,0,0
-0.28364700151241656,0,0
-0.4281730623036686,0,0
-0.6110816954470143,0,0
-0.27566566264368625,0,0
-0.6248785156175237,0,0
-0.7769848305428858,0,0
-0.45083360775907366,0,0
-0.5027723494409048,0,0
-0.6547182304724184,0,0
-0.5213219000415588,0,0
-0.8623127633058935,0,0
-0.5393099320137437,0,0
-0.8297257416939573,0,0
-0.5950388007626293,0,0
-0.5541495724942667,0,0
-0.0035587527233533547,0,0
-1.1086909532260831,0,0
-0.09404050065112628,0,0
-0.5020503969185874,0,0
-0.7773859152775062,0,0
-0.4932469580189949,0,0
-0.8413367737358948,0,0
-0.7036690145564355,0,0
-0.592853012634057,0,0
-0.7613430205931212,0,0
-0.8473929058784465,0,0
-0.7303603379196679,0,0
-0.8525467210432112,0,0
-0.7619847561685144,0,0
-0.7730342695819825,0,0
-0.5131801272789797,0,0
-0.8185157943866412,0,0
-0.8757687851270857,0,0
-0.913509621903786,0,0
-0.5935749651563742,0,0
-0.21767078881930368,0,0
-0.7968980692412502,0,0
-0.14686162874912262,0,0
-0.517611989921428,0,0
-0.5921310601117399,0,0
-0.7553671053974941,0,0
-0.17242991485541748,0,0
-0.12404064939986884,0,0
-0.6507676695115154,0,0
-0.26114688995085944,0,0
-0.23985003259316423,0,0
-0.34268469564681253,0,0
-0.21969614305402788,0,0
-0.2822833134147066,0,0
-0.419469770912621,0,0
-0.15323862867937055,0,0
-0.2616281916324042,0,0
-0.4334070944153577,0,0
-0.13541103060103366,0,0
-0.31025810792872494,0,0
-0.14688155931074356,0,0
-0.16276402010128038,0,0
-0.1507519033247225,0,0
-0.1368748662072891,0,0
-0.06799091286328669,0,0
-0.37599366978106524,0,0
-0.29776468947062257,0,0
-0.09702845824894009,0,0
-0.2930119590404782,0,0
0.05257120076015294,0,0
-0.3380923991105163,0,0
-0.056379880821349766,0,0
-0.18203552322425137,0,0
-0.316153806177428,0,0
-0.11968900370434535,0,0
-0.38622108316367093,0,0
-0.24807202230266692,0,0
-0.06468208747777644,0,0
-0.5557539114327492,0,0
-0.43196318937072326,0,0
-0.1594551947157703,0,0
0.16240466875782097,0,0
-0.03243586421515836,0,0
-0.16244315231358392,0,0
-0.0035587527233533547,0,0
0.27604819438416506,0,0
0.11329345077995547,0,0
0.10982419150059711,0,0
0.10547254580507329,0,0
0.253628299769532,0,0
0.15805302306229718,0,0
0.10691645084970765,0,0
0.31378903116086576,0,0
0.1479058266266154,0,0
0.05217011602553236,0,0
0.15580694854842167,0,0
0.2616096386382624,0,0
0.04144147039976065,0,0
0.1914422141434742,0,0
